"49163.07307979997","50040.1959086273","44859.78678596666","53759.61361839378","48828.95801911403","53725.58540442698","45475.864295648964","54968.81281313409","52597.06131569977","50170.12505782515"
"44595.524121097835","42123.79407123712","43595.61345374576","44390.1139764006","53987.203841178365","47273.38312971803","47838.2822244469","50355.51856300845","48898.294907331576","40495.6600911434"
"47882.24256098422","46854.116354612466","51655.0318146997","45293.333031412316","46693.19507987949","41052.77477162353","43589.91901736202","50190.574982497215","44695.326262395625","45832.33331171368"
"45291.572487753794","47548.50771102714","43208.51913369388","48769.07851392205","47817.842211493604","48251.01905558931","43435.47326697065","47591.9411931843","43156.72760882143","40526.67086910031"
"42749.17542984067","43148.890702471086","44857.643867745064","46339.00427726619","54557.130179422544","40332.60719891143","52972.408975617924","41955.97390314844","42616.813662086075","54567.26118408613"
"50099.489039063905","52378.59687612397","49375.97752992982","51761.574138463206","43082.37603623783","50044.81739089604","44958.63766341047","53865.943454838365","46112.96323503726","41640.45672569357"
"40544.744262854496","41747.54579118533","54210.869940895915","43287.50405189673","44923.224309929035","41798.44350075967","40372.8398997781","49988.53426937408","52344.601263143486","50033.9365621903"
"49110.7760543466","42430.25189708049","47386.788500628216","51318.64586167902","41056.143352479965","46946.49724889588","42747.55872545983","54223.992764387476","53892.25191818345","48767.73081709868"
"43241.75579785392","47583.40910180903","51300.80303202249","54833.746546632734","43397.808463558715","46855.22070456321","42426.138195388354","52408.78847142292","50725.61022052467","44462.67072065021"
"43672.62129161611","47856.68489832783","50667.244248512405","45614.251658976296","43619.58157168074","47432.4621812875","40680.56972344416","43580.911602971086","47650.79301748156","53096.976146252535"
"53793.08085959512","45713.289510099494","46683.646904698835","52179.79918362247","53789.737435225776","42622.07386581557","53337.49331226848","44503.53554995021","45422.42525448209","43816.172247423274"
"40081.575117139255","47357.27178246954","44203.74135400069","40517.99807773437","45316.48258400336","49815.222911810415","41984.903690958934","47350.12927108909","44351.87200963788","50402.28248130768"
"44234.52152668526","42065.43252202","41327.7866559767","46447.54037026157","48285.2732579865","43555.91857345198","46909.99567831946","41890.61498686355","43332.99857576653","43297.090246215"
"52955.881566927506","44356.3613765925","40600.902638982814","42259.13487540895","44177.60850064121","48112.375835482795","46060.63699729744","47550.72795790323","44581.72773479116","40544.968853396225"
"49983.03795634612","47825.818361155696","45442.08926635225","40323.082364712376","43997.60326446895","50058.49225897307","41765.1114868363","44300.49589940071","42256.728063594055","45314.886788597214"
"54494.95826544686","44033.53021687807","53302.226124783614","46543.73738049904","47760.90763598621","49314.44959218569","51671.13482278092","40419.84431926444","40430.21126694903","47449.602704477"
"49779.60224608122","47395.66535380547","44694.43275721884","43810.99106349613","46535.91682289021","53805.62727019667","45183.213073436564","45091.18110220618","49004.070793511244","42510.45733968494"
"49005.235356641846","43658.68147435708","41989.867895382966","48805.46141526847","41016.17464373027","53230.44037218923","47673.31275307461","52245.47097182229","54684.94916944734","54636.926113070476"
"43461.027821921816","50666.46867232841","51709.30213923496","53631.30052976311","45297.81256416753","45137.768802185994","51095.785991568366","45378.51939501347","44643.557130100955","47752.19508900697"
"53028.233103456645","44732.89726463173","54667.55626540989","54065.847723633095","44496.17504880889","49323.22634936153","44493.180388192246","48396.40166936049","41067.4395727035","46407.59456644288"
"48182.535037471236","40992.85655773373","54397.492237974","47678.80562468075","50212.77671563597","42708.4465305995","43833.9114091044","48256.19496616021","42661.43683757126","54887.32053868386"
"43945.89505031246","53962.050649589815","40503.672184478804","53884.28881019116","48350.61577133163","52788.86384634577","48397.219630745865","54403.422369239175","50097.85625846658","42577.738752112266"
"52791.7297427004","42086.20551912409","51665.92910534237","50652.27302389516","51057.56767619549","53525.80706887227","47073.82326099869","50280.65880749156","54355.82951629686","51335.58176863065"
"45918.906561827134","40634.69239423438","51067.807499927","42950.77117651131","44244.23209119341","41547.31015784222","40260.67430609113","44832.277645335875","47752.233917387544","49836.68475205356"
"53534.724099487554","54601.77840301553","43567.60997693705","43435.387179908575","42937.89501455096","49772.93575458913","52742.488301884194","51310.561203120174","49651.90637306166","54687.16208460127"
"46855.056292644906","43614.103621861446","43769.095235572975","43482.66070177868","53805.97086078061","51237.87597864234","45079.39783854147","50560.65531614926","43223.696912050415","46449.74151840263"
"51233.92671932453","46320.803670299494","44912.063027193006","53943.01545084961","51074.49695554228","47710.80126737964","49617.564459300855","48994.92456270403","49608.872917388115","54766.47489054136"
"46800.600669119594","52432.60915444872","53812.245296071866","40786.24640690988","50602.4919559212","53030.037576901916","53735.4503385227","45109.85096888857","42249.723064633836","51863.473468289994"
"54829.801754958185","51654.63583945986","53614.46157085321","48950.636031377435","49636.64155427362","48560.259520806525","49222.398602876594","40795.101532180495","44424.94092660672","46940.61544232175"
"46026.07299788775","46351.24175245775","52047.350115336885","46579.13134125124","53548.245583788244","41740.566733843065","42523.655395645976","43591.68981386351","47246.8443727218","46323.05980414211"
"46123.8377803299","42310.846921235374","42625.332212187335","53222.786294719845","45861.5096366346","40825.828168162065","46515.57561817959","49183.81535330271","40882.02313415437","46168.3999738908"
"42997.67813188887","47730.25849357275","46060.09579759954","49798.269614504745","54668.97372617309","46097.04008111482","49432.653958911105","53843.9349226379","54274.10306759229","50462.96230863137"
"47750.081223312474","49801.0463496852","41324.465421947956","50174.8554104037","43625.40463854129","44134.69139520515","40196.40011737415","43100.76657843319","43023.14449121337","51870.43343493021"
"54943.773543870266","49973.6199008467","51410.36253677757","48326.08088131819","51852.49672788806","50578.48386356954","54358.519149889806","51556.672248571806","47574.39783295975","41189.09186655591"
"49841.85978585621","43192.3906098587","50591.84358866874","46628.642082162296","44687.978311857965","43608.46329074559","53993.03430017789","54032.47243664922","40178.89455153735","49791.133940518135"
"49038.867710298655","42548.483036333266","42074.7027780516","53384.59634849591","54720.50064788089","47269.52193192296","54270.78789331588","52796.874974366474","49262.56437091308","54080.62120089477"
"44548.100244499095","47230.055633204676","54271.56488876851","45990.82431772495","49709.42182530182","51406.86006852557","46511.86651001957","48037.32021625544","48447.49137519002","44965.31050858466"
"47770.8797927967","48744.40172874252","50169.08597737886","45797.780775522515","40323.5478899233","46845.01563496246","50885.82010366925","45800.5867579467","54838.04331993319","52137.86047897575"
"54094.00533965098","45046.23478494896","53247.708464567455","47459.42001546907","42592.03728651524","41703.09927424855","40930.55676870139","48054.041187818606","53071.68640498508","47990.10657481761"
"52132.07176333852","49059.67696896571","52079.74692244783","47519.02187909536","42709.5093223671","44980.32412756603","48124.49949621182","41217.417906020164","51324.27315594567","51676.130275581876"
"54932.4935564824","49329.71611515701","42092.363315462964","44916.481864664376","45639.580478135154","47730.66868533777","49387.860908541974","44137.798539161544","45847.61727303751","44622.70869536801"
"50271.20061682646","50264.40183719952","43755.55026077073","44909.62973996174","42587.92603404562","45570.50296686354","41156.11492641184","41957.362462700556","48870.75337304658","52135.826879886285"
"41077.74183800825","46880.99380115373","42227.796175187876","46441.55400761999","41115.72063781259","42825.13303468488","50190.99669097898","53901.17078466025","47946.900539600065","40917.600275985285"
"47490.02138784663","49268.87606639716","52876.59382748971","49412.48998550285","49645.37625950818","54650.29748255344","47591.80638357078","46992.06892249658","51012.224118167294","44681.560950241386"
"42880.293857031174","44339.984229828915","44364.45714172356","48702.61541848743","42918.00342456315","44270.25331321827","40944.98893617032","44591.84215068628","42140.67922024098","54561.8747059513"
"48353.04041910389","52212.721147093805","52903.6061941391","41046.230225873864","52193.00930413571","40747.098372939254","48788.744200546345","50157.1615748792","52475.95027191988","41199.007492611"
"48369.49506816324","42147.855305207835","50874.98051931036","54608.75278274093","41256.81333212403","42495.92197592513","48317.653948287145","43972.67211900938","46356.78835062014","45173.39778149819"
"45011.37643045919","40034.432317035375","43960.101986111215","52005.91579596858","54505.250270547425","50926.168827160975","47567.39009693368","44951.264240442964","46413.68339520726","48197.51995630609"
"40505.708930789086","49069.2324861278","49153.375095470765","45782.94795958154","50137.254242698305","46178.41884004357","51708.27232370444","47157.78528960187","45345.73457296981","54507.366475881165"
"41110.80256368936","48495.079218021376","45461.485219541515","54894.49850281012","52011.15222771217","41771.17149795897","41877.67758801294","46075.034231177924","45102.87638507123","50313.27752447536"
"54123.16231634964","47693.55505661157","53113.49392493097","47788.91721894228","51035.09388034441","54270.859734966776","48369.611995698855","40800.315454150266","49661.73986261952","49122.15586613455"
"48939.6459835896","53285.782251525205","50907.47563581637","49328.971542438376","46128.571509481226","47530.588483266474","46178.20339318483","46874.480967569594","40451.7529061073","48059.791770746175"
"51059.636815597725","42905.08069469655","41832.72547447988","44600.22774294661","44814.073440911336","50368.44997834426","40816.01960636159","48723.817507159656","47548.58885534828","54093.907930909074"
"44548.29637707048","52836.15692236938","50555.18878835102","51066.44623104647","48884.56430820612","49967.51762756644","47429.7711777091","50520.40710279999","44740.89413595353","52185.07167981246"
"50341.510263069824","48713.45007564468","53146.04682974717","46267.30422254505","51278.878529852635","51977.61042212077","44228.287248519155","44189.38250594435","45225.99265231672","43575.745806498286"
"50251.62827371163","51073.94141688655","44961.9166456284","50236.45574963459","42694.40743075776","47094.309189322084","41304.83080334608","53624.50813321307","49729.925544689046","46571.47672044993"
"49849.948618474875","41366.94062878751","46133.82778060866","45487.70672630048","43155.72238306123","52292.615165905016","40904.6443789986","43285.55248183963","48926.11415153429","45801.758500937045"
"46378.19379864445","44911.92217177267","40827.392688014326","47590.81834607069","41300.16783807466","47955.63473332172","48104.523005472045","51406.41368855156","53240.09871923759","49657.96120781915"
"47772.68915931442","43678.923667024974","52104.49454134787","50422.115352611036","47288.06083803997","49152.44835356054","42107.25742106377","51364.157954863585","44804.98368337057","50496.578766662264"
"42992.8080199265","50044.387545585974","47101.943632502014","49018.50809523263","48415.10944409056","48081.40460628352","52673.24368290443","40961.84903471229","42174.51911447948","53680.88343071314"
"48923.109052301326","53530.34792158992","54106.716619714156","51078.33161030425","43680.41562508336","42509.38918550174","43474.7120154539","50747.55247321942","49787.72382798716","45274.56993522428"
"47687.55292303928","45010.56022055391","49025.928442673045","47882.92691797146","43033.55034468025","50653.81756939453","43800.54566272439","47878.07417103701","41490.18142587638","46188.11105613345"
"41602.073133838974","49640.09491243111","40209.00215281036","50777.62807681975","52332.789876461175","52431.63199010967","46243.445592578464","53944.53816404362","44367.40269702764","53285.0117362893"
"43219.5795646962","41886.266689797194","40343.96536523296","48379.47044883021","54874.00243399802","52152.327940120755","42963.23999781737","54497.051013507305","42139.53580485343","43538.07337439498"
"48574.53489660291","48456.537272980975","43919.206543273685","48381.433901533535","50790.5640733294","54458.83269500977","43890.01449152977","43348.133550906816","45127.86598482197","51291.19563169242"
"44029.13062733349","47539.155381111865","52868.06959678659","52710.47131883649","48097.90734098281","52318.14220452584","40109.78439049905","54194.79361859078","45550.18823442326","44009.759220271066"
"45446.24693563108","46790.29576006627","48051.699659561506","45766.15264276164","49655.45390332615","48650.071962646936","42795.88439989316","47202.02918504334","45476.559646910726","45226.257536839476"
"40429.05232824585","42361.024955946996","47331.27289826999","40601.72319276481","44437.902295226864","45399.26653959721","45319.41664301744","52271.54894656091","53386.037148147654","54542.664377633046"
"49323.19761757547","48060.41506997512","52854.273624809786","47495.279564048295","40717.130039767864","45180.562224489884","46936.33604625271","46290.35625873906","50469.00977896406","52778.18599871378"
"41988.951436445","50551.43046561655","47429.04290633472","46821.51902851398","43735.38141317094","41416.990233195975","46932.71838179043","51405.85851078451","47146.03723968272","41358.00818241424"
"51108.558716072264","45125.816983448094","51471.060644143305","40116.221192272336","49391.3225580258","44223.03438403001","41712.840395428015","49561.38844654998","50207.76739991318","49954.08657559481"
"41805.00727226238","48547.464014265744","52623.26969630444","44068.48471403283","48458.13433175667","40813.889471722156","51614.42064520046","44052.67572298843","45809.42609451379","47198.34468369475"
"40335.41237830237","50461.32845976193","48039.20916658529","41110.027042136775","41801.83540870536","52590.48644936619","48585.61608493615","42388.92678448114","52695.94876671202","42307.595833084626"
"48055.979746053985","54801.60148258667","40154.705457081305","52984.40582457579","47205.29713884149","52233.187341460696","52064.616198489915","49291.57065656794","48513.175845205005","47568.533217222415"
"54722.52195972909","50077.59921821444","42078.53424034916","47071.89637649396","42989.1530706203","54069.61849744708","54851.60510211525","45998.43263899435","47431.36636675078","49639.10771718269"
"49271.66967622336","52979.258150520734","40133.445488692574","54491.94374644273","46020.51762475911","54856.090777398946","48862.0517412665","52343.577376434114","41666.95424777434","51243.261590524075"
"45130.11720715841","42460.78268774674","44369.94275929661","44547.60722829003","54726.346761159504","51429.413125849765","43381.425280356656","54677.81344866085","46202.71376559901","50279.322859758875"
"49714.11742302406","48317.637341044276","45894.68914723092","51253.03332482678","42325.85707422795","45066.810318177544","48782.719198450635","42162.73304960264","41638.82297801732","40390.20986899396"
"40677.58051399811","51176.085686476916","40523.56599780384","53647.58022941312","54319.74952747817","46615.83961962887","52503.82959582629","45695.119928802844","50266.51292397354","41663.2707325986"
"49332.99934846365","52102.27230795447","49585.196662964634","40869.006007329765","45836.334675520295","49002.01915069242","51188.56156859068","54482.67959363374","46968.35406705117","40547.58719828653"
"43433.14475680312","41581.674546252085","53509.60576138765","49961.67908721568","51786.18136241213","54375.373681992845","40576.25876568062","45228.697416691386","41318.118505164006","42404.95439009802"
"44838.69422566498","52362.524944794786","43658.8922688047","49594.35405145389","50197.72118364303","52906.95049724434","47457.09663569446","50022.93796253198","45401.449624417175","53212.93474367552"
"40977.909018958824","48956.80347311899","47634.223284245665","52100.56185291197","52111.27639078194","53760.51593260064","48237.385712674484","51835.57349290277","51990.37042597881","42429.97520663376"
"49626.674979582494","41283.87450785217","40314.55211918639","50014.08241476209","50740.98480373481","53116.94328002317","48740.59972421395","53764.131083694665","52662.144088868445","42127.93138061787"
"44765.10877196147","50765.1048237544","48674.25516245307","45621.27710076912","52277.43053545","45596.55758085592","48328.20673649833","48042.30744525677","40916.2159118423","45963.329225707006"
"51289.72524619789","48076.081186796495","45839.97162495344","42526.06812563495","44482.348682189564","48806.04077861838","42801.79475100555","49593.79329134917","52590.0092353017","49491.8026669234"
"45990.0646158132","45129.45554026949","42212.6897715999","51560.62421959895","44122.709161263956","49768.833261941545","44886.86797245534","51304.09668783296","46580.4409789495","41356.40162241555"
"53590.40611403191","46312.30654951502","49192.31965184367","41693.415300475004","54417.45148232277","53965.42137127176","51302.4830035785","44609.70733463222","46345.21622757581","49268.94476231439"
"54516.76047122874","42972.20382397264","40912.47959371007","48747.03705337983","46380.83199478592","48660.78593779919","49846.19400223751","53632.86081596682","47299.05043444054","40376.67911397939"
"51101.93127645276","50212.40119997999","41855.18257321195","41222.377779431765","50117.82403723315","41576.36930227043","43454.703734980445","41739.7652096755","50233.8867600319","52375.1637631532"
"47886.19502396427","49724.7593171925","52589.57507436782","44486.82618211837","46400.89432095871","42206.369354777686","45892.169412684976","54788.84828965602","45758.11838003052","40020.795020167956"
"53763.7329265777","45350.87572357319","49391.385051933","53061.99913191545","49319.594559112964","45160.34007306423","52913.17676332154","47087.0094808544","44854.84258478252","46398.72346801317"
"48300.19085555454","48660.291508762675","40954.68319254136","51915.16007458477","44617.7602460303","43436.26135973946","47784.85871408103","54279.909076616575","43724.092094282416","42914.608253040526"
"40471.75528783785","53730.827486571034","52058.64060203105","40174.64702361869","48151.58169209979","53874.551947732834","49986.701804859855","51464.63225474535","49868.61320215471","53246.444972992846"
"48316.31926409066","54586.702707042605","40663.4687328978","43692.81311358248","52151.52055593","42620.90187141554","54388.68090412889","51944.82711020642","46087.8419720805","46738.83719601206"
"47765.70826061125","43123.67313026843","51138.146532903454","46714.781905092554","47854.7796563979","53592.72344071952","54866.84001274775","44981.2451143262","52610.18546641941","43228.20382337679"
"49712.44884650934","42191.198477010345","54975.86430740749","44951.53233934457","48367.77400151479","45266.313154107556","47456.89029836457","47675.53282373051","44694.62850275643","43528.924542805704"
"42988.101801423036","44370.59527882819","52872.72202239977","54896.35772623266","52120.26084918242","44077.472705756954","51679.53323696418","42912.94272538773","44145.57436399749","47879.23480383982"
"47393.45218516294","41676.87743276542","48076.95455571526","48212.693658074684","43356.98935583354","48086.446777881436","54945.93118356072","41466.00857120189","50628.00416939774","41404.990112461615"
"41534.70230951686","47583.9064666759","41420.15915804025","44193.114605947594","51178.790511865824","53285.9928705346","54092.856400743054","42729.45328176674","54714.98762869301","40053.30333110033"
"42500.63090330029","44145.93445733332","45058.78126807092","50546.80559652395","43144.23402884926","45423.06495308757","47304.41045984787","41036.78185504387","44043.94807598178","40049.21115287072"
"45444.3520115601","47837.46240367921","44688.552677278494","51618.20425992158","52341.28394677717","51308.90122763024","54029.427343983334","47115.89582151378","46490.5374171876","52244.85378387037"
"40009.10891358143","44091.26071713401","49687.196453360615","50501.35347281485","42250.572017098646","49760.87115478949","50214.554332426065","44277.535469137154","48796.881791734006","43860.30176914694"
"41533.41372232283","45624.14445056033","47006.16797919615","40792.861206808186","50397.71522766855","47121.51670274609","46212.19161039544","51115.845101873194","50262.79075569961","48660.800472572075"
"41899.89544835204","42674.906621323986","48974.97213835863","47986.84721088469","48437.620745976616","44427.83373538576","47141.71666488077","46992.213127729185","48188.66845505886","48220.7396266669"
"53522.88841267748","50571.88239122361","46748.16407285475","53018.27223818982","40938.990388209524","45540.59884719308","44203.54969129139","40203.394358785714","43362.45796422851","50316.59185576229"
"41653.54671031846","40944.98327234912","46009.38727437974","41997.55074937479","48923.60191875244","46910.24549901943","54264.30251088357","53885.53994840146","42456.3154360501","41571.15935085427"
"46971.26726230047","43517.16379966587","53796.93904608869","45148.56104754725","44049.50183763944","46588.17101692412","41070.92576462709","43202.51103635322","54460.68187680925","50963.94714948682"
"54514.82452158711","50009.29317037003","43012.69537520191","52963.43818025952","47425.79150638373","45460.67021771636","42753.00965732377","41861.311681776984","49186.34385198311","46135.45785015372"
"41499.00273147151","48650.09589514336","41738.04759409723","54953.11086571261","48392.539919592724","41907.905170804705","41761.88068018968","48761.3092576956","52515.50930763136","54132.724470099114"
"50878.81888857034","53903.47086162111","40076.685746909745","46812.36359338669","52206.43055065685","44050.06650302627","52776.296530495245","49453.364980023245","45135.99266174016","54356.629043139095"
"42100.024158462664","53873.57680230212","40139.047591085495","47938.865328141685","46721.04584074716","53958.668433114","54302.999566786755","46282.810507807626","42785.8063893562","50280.843523515854"
"50527.201797784866","45530.96091271868","46509.362736896976","41531.34900472804","44665.38393162913","54936.701011729456","49112.92484766032","50365.168060038355","40045.30414888505","53407.528466395226"
"47932.21947867508","53845.11187084428","42437.266107401665","54467.64703737803","53581.211620914546","52646.27581036725","47992.62128105071","46105.78168960765","51747.960549176576","49202.41836068187"
"40693.001600706324","44751.230817765325","53464.45950006829","44059.49564172045","47400.00079377598","54477.1323482016","45686.75456255477","51985.42017998014","48647.49730762155","44067.08475296325"
"44030.98393910223","48247.84964611515","49822.11755454463","40820.61632727378","44609.33658470234","50637.56637120888","47876.38183074766","50111.036568158284","54803.12062478102","54188.04501340623"
"50497.523088207214","50888.94179285275","40006.34674815592","50435.558208375674","42059.343690376394","44782.917704576466","49109.7355392958","46368.15485401978","45211.9997676434","49742.39670970515"
"45805.43414330498","48566.79855696954","52884.60418299619","42323.98822314503","47717.05799900406","51559.141629026984","49054.37679771091","47078.28634364287","46476.7176587446","51811.42400051577"
"52968.60523820109","42171.99375595084","49103.908159942424","51172.12158451002","43180.86809467223","47138.37996174659","49060.07719775117","44579.772423637674","53308.53413993524","48812.13954493896"
"42646.080601879796","46292.960757758294","49235.83348241483","50229.47013807911","46969.60170384408","42345.18340230804","44377.40874712721","53610.56766268532","49944.74110066217","47941.92472204713"
"52520.694034040425","53387.42889990678","50015.92087804236","45303.73546653461","50961.07394612735","51470.68781741852","50681.87152636404","40142.23084824954","52683.41161248742","47829.18487522369"
"43146.84945347555","41200.870966561364","47071.6079470293","49193.94450862711","46174.29733702654","41338.552849480686","49467.47495935929","50924.55829506743","47509.409328317415","50724.87235555172"
"50491.66069635977","42857.643427809904","46975.15236626037","49807.20435924284","49433.232763625885","51893.45952845208","50168.91022334891","49655.13006736877","54338.949613629455","47590.94883021234"
"54770.45130548407","45800.66753369393","52854.51199025242","41330.18007141569","42366.07414691697","51005.27702889063","45325.51710435142","52670.88120648859","52041.163288716525","43134.8792992565"
"50128.60835042339","48176.761441538205","44201.45259451465","47519.20631415466","48627.84394273477","43517.86602360665","44460.046734540476","44044.84876780836","54700.67528845288","52860.64325015331"
"46238.88536087896","53004.51690725842","54889.0919481434","51710.73862539604","54734.08168438093","49654.075018753865","48414.80333611452","47409.072832400234","52446.56719283135","42955.10964102678"
"54984.90115343721","48216.78181144743","54144.05539289658","44925.83804206124","45867.01806685678","46219.56958425199","52948.136604207626","45987.81582280931","42364.90808974499","45885.659682160454"
"45642.7174002123","42591.865934888396","50636.264557279945","44353.35904281253","46316.733930051196","49144.07751788171","42726.992002985775","44354.7255992191","49878.18942132824","53133.464282414534"
"42576.63419436763","44821.124286574144","47177.74178290345","54738.15856052947","52875.02891841055","52272.56608249241","50615.89737481481","44202.94293998718","51352.98984865406","49334.09866190024"
"42051.174119654155","53787.06909287661","40988.91479418822","47944.568090712295","47976.88342597283","47017.436523528755","53796.46128770141","45813.06498904041","53238.68156009641","41284.0023429919"
"43764.33686318381","53641.9620209314","50002.86106790537","49420.07022852956","42184.71148662127","49786.624339150694","51593.13402734683","50885.94622115801","48986.64527411188","50465.22173261261"
"52462.353027351994","52077.98948407566","50956.655958887386","51135.509635655115","41858.367648991436","50250.373636101045","49454.11412485155","41678.93559442005","52542.149924273894","47897.16410204599"
"53766.22392922004","50005.108299791886","45499.7608972661","43685.36683285005","49155.20160285528","52877.74309395515","44418.52631044666","50858.97671504256","44483.32410827768","47890.67105336987"
"50507.688925119175","46114.02210007695","47713.236569025124","49237.09203538446","40886.81282787401","50843.79016300381","49937.31144569088","54577.77804616074","44780.27308392628","48766.71861996318"
"41309.33038388995","40433.23986351539","43881.64750580129","46986.960176727676","54796.04720803736","43138.75697115997","40548.789429502496","49816.187703971584","53897.07275978023","51368.93830591316"
"43556.7910402062","52010.96552435444","53325.943156399204","40036.30562852616","53327.011130419625","47619.24032286497","45560.79202062545","42528.12338791589","53802.27196359788","50934.69133263282"
"47955.48861803176","40273.67020882035","47620.94349743927","54596.17079823789","45233.14735099632","42645.67660913179","54946.516981129054","52121.60923992133","52304.99705001725","47748.136892951756"
"40918.217222847925","48392.34151410812","42126.91071981309","51250.13294970197","52414.155544015885","44831.13629230784","51038.10000066355","40610.08094108024","46929.537278382835","50838.708609993184"
"48728.6576769965","43414.16920163873","51363.89634160926","52962.211788429144","52517.85650374816","51583.62988210917","51573.57205976997","50603.38193754601","48193.44813060851","52621.03830431417"
"44635.38477353382","49433.334061997666","41133.416141166796","42551.867809409385","53263.94139572195","49185.30822636743","54718.166972135914","49123.47602409413","51336.15828141168","53278.26913121039"
"47463.944247449814","49889.47219753603","40359.49081738325","44607.506285189265","52763.59393444023","49010.58334516616","48357.83358372545","47259.70895636987","40619.3734392633","42132.926626460554"
"40368.11867291139","53578.94325097627","40346.75103390717","51119.154533549336","45652.209820895805","54563.35656988203","44656.78261643591","47975.339663487255","47851.32355456135","47149.44230718215"
"48618.67256072997","48134.87695760642","45857.05255861863","51256.39203054183","48656.81773431254","54656.54993146853","54125.34595294596","52880.05241575364","49726.76997272646","54063.14268734568"
"46575.86455606425","48428.53693816062","48721.313071670345","52445.2053924369","50352.037791938405","48036.97881409105","48935.01592493603","44458.0270041796","54578.48024906425","54215.06357668252"
"45026.239948352464","40324.24703633063","54153.10142624172","50428.59057060979","45447.34231401619","49472.50881576476","51654.6346486667","48178.323987819094","47789.41539177161","47388.88382190199"
"52720.45955769904","43305.28185880064","42528.77152812693","54168.020165020454","49007.39665718578","45843.178845723065","52703.6529082142","51017.74830719798","48131.79864092414","45283.79574972659"
"47692.66374405589","48853.0467542786","51513.33574083826","43343.17129996256","47312.79990580781","44216.11887855324","46753.47287780737","43804.70724838616","54877.03032336342","47592.48419916591"
"44136.93916164325","54782.72909747822","54998.96563738773","49455.7768584068","46650.799803729176","45978.870647952426","53119.21381796521","44903.10224364001","40945.77606231788","42344.744219701824"
"53051.592151924095","44669.47286399768","48530.377165782615","41868.53912431858","49313.08701178615","45155.23335204098","48128.36870300901","47096.072659154175","53712.95620683333","50004.55809248587"
"43393.590277424555","45820.741742348946","54168.77423299338","52849.607876289105","47338.70023487239","54872.95614293778","51809.52482102135","47302.833849480914","53233.89383936279","41114.07419158051"
"46445.99969328621","49509.50406847799","49114.0471376592","41919.58092469214","46573.638997938186","41527.9004956471","45151.059177407704","41922.87326518635","49766.79500196345","43870.316023653366"
"54210.418578960824","52884.04669941764","50560.636306211425","51386.43383845706","45492.66800020398","45470.458262466906","53038.28365082","49388.67726827216","52309.449416960444","48431.86777824044"
"47621.65876545285","46967.417432197784","44148.61255477044","45447.358150830914","54130.100394194844","41111.66076182849","41550.76058774645","42641.988271537244","51895.29270601768","43131.17478971726"
"51946.94114145428","40815.28862814332","53723.6979689258","53908.419110388444","52996.595151707756","48626.836989014766","45997.9070081556","53401.41841561902","43298.832295325425","53551.102819591135"
"48865.33185450159","54969.599727364766","53926.61427289024","48929.57556271546","45087.05572517579","52148.12927261964","41898.65715429147","44546.60385723946","44858.021034292346","48069.42682137716"
"48740.272223189895","46555.37876470261","47751.13921819739","51105.9149773901","47951.27177957812","40210.154914575796","53115.98598363693","48889.53612995903","42579.888498201515","50079.56971532519"
"49272.65074546609","44289.39031389238","50804.65555390904","40975.22906080688","46232.39385299671","44653.31866167771","53426.717914395165","49593.598552348456","46555.778243525514","44487.16917190441"
"54164.90345480593","54580.85725774107","47683.35361299654","47611.839843452166","50678.12466699089","47279.588455630204","44083.83683738387","49029.202008343884","40109.0951511649","54041.43291903558"
"52832.861650829655","41909.005503370805","47070.1678832692","47584.062172424","40337.617647167215","47057.46992369999","48738.19695432862","44866.065420543426","51057.430719132855","52225.4445245786"
"52807.25930703257","41554.8296582041","49285.59185125402","48124.57709621048","51703.0720774777","52055.02728879623","51159.64710170352","51314.60096497819","41085.96980468969","51012.5037022117"
"43421.50183339566","45850.731300357176","51474.547116653615","47809.20694089983","42609.9932299936","52365.0175480244","43825.019457127106","41387.09962340627","50110.8561075138","53086.30613936577"
"50099.01978375072","50377.85694036882","44424.97364511098","51037.40196525956","48748.785967933225","44671.98724384573","54093.82072565971","54522.406080756584","46412.86100115874","53140.38302057219"
"48792.352791085745","50387.56802444211","52688.24448288887","50748.913965044114","42531.045166476324","48619.9014227584","48792.21894411259","44843.882773049125","47178.505830078786","48161.36691059112"
"47200.65993448901","46135.834061936155","53131.299870084586","50168.89569675063","52724.413965633736","47581.71406920397","42132.667498417075","42072.95961925513","48393.57417666366","45045.20793276392"
"48687.5966589146","47418.54563004601","46683.590355571025","45692.23227558954","45926.121316488585","43130.13590947225","51739.12227316667","53087.803184885735","51533.972979683924","47947.33432815768"
"51641.90761134168","54433.7367046711","49011.958897918936","50572.901399861454","43410.085070129884","46455.27715172021","46115.37427057924","50621.00042405858","52722.74410336377","52091.57792971038"
"44913.555181679105","53262.97246132616","51711.18356414705","46090.58503760396","52375.841191331856","51201.54192607032","50523.305170595246","54311.72398940936","42025.04827151024","51947.33721372468"
"42308.00188957654","44559.529198183736","53612.55998476345","46932.48751328166","49445.54876731347","50512.18354051999","48412.62907695802","43860.34104774203","44943.66977020649","53681.99504210033"
"46836.357736135484","53867.84372735856","46508.85021202742","54761.872620658454","44723.21296826888","45482.7234222683","48697.44115880729","49421.22254642805","44618.53536227603","54054.521281120054"
"47517.859032288485","51159.253185609494","44622.639040418144","51423.17355216237","45516.9500811579","47235.79190254377","48232.72998032999","41548.4850665672","46057.767857787316","42701.92955959804"
"54500.6551182626","46255.54721195883","46167.87792814641","48791.38701889064","54861.61078163018","45667.311898344225","50690.53778586861","54156.33420285212","44931.81833561974","50496.8215818816"
"44032.29701616535","42105.17146687278","52172.47982100168","51346.85345402555","44574.27011649399","53646.76750578541","40063.555174148765","47245.28397788723","42634.54717050288","54838.89649813379"
"47880.03273290914","48484.163351173294","49340.686090726835","45388.48361838061","48296.94007248133","54352.52181566264","49388.24994041561","50203.44200321633","45108.26733748654","44209.316090709355"
"54945.06263483785","47594.7681377152","50226.55757892516","52754.69974922648","53790.632597334225","52445.709598185815","54646.563390895026","48861.59006425258","47582.74365788861","46899.418605795894"
"45884.655734224616","48931.68903720127","45180.84464053049","41070.962740972376","46728.777535880785","44742.04744807487","43937.54597607079","50835.97698520598","40399.59675623223","52524.47185028392"
"41322.611591282206","47509.875502904084","49923.067833536516","53456.78822444743","41989.2222462956","47807.77634646996","45183.09005133176","48820.574298635736","51364.268307844606","52933.09633959229"
"44424.694224170555","40350.354633995405","49774.81306039143","52020.14186588509","48708.240269101414","50858.26213336917","49264.16090190944","48487.73398830956","41396.91295900405","54313.38940954054"
"45137.95502329964","46963.190188223205","48806.48620508721","42081.10522127254","54977.64646650109","43671.736768272836","42752.12528747663","40722.06209471443","40891.949292333506","49938.42710360128"
"52489.75151639129","44311.36854313715","43493.444463195076","42587.106544499984","51660.87005615174","42631.18236086023","53208.40717328036","46112.287046103454","53787.87093739371","46454.625733106805"
"46778.779115829435","46028.4309174046","48578.17600807307","42957.86522309549","40333.32383480242","51343.53634005628","41038.44031255903","45938.25084306051","41201.37558053654","46745.81287425216"
"42055.227297686484","42154.891741273575","54495.68175180377","53860.42290743282","46103.52644471709","53290.42268253309","47350.18246869449","48461.45298976819","48004.71797108864","41242.09936159978"
"40227.385698298014","46671.668724763775","46210.930074660326","46913.854664353166","40218.177597597794","43703.70632646277","45467.113183297944","52654.874494524054","43499.070405202736","54682.04626692044"
"52713.024159766086","44282.13080935951","48440.87790510764","50651.2604776282","44790.13164370625","53640.38785891194","48251.8996323851","53885.9795186224","46381.727678076044","41844.789597679104"
"44805.0485025448","54576.10331563768","41842.3753491275","50791.85748603334","44501.86355912233","44196.92685562372","48556.177328915684","40035.02395792269","44456.13740548934","49486.960411552835"
"50743.91832406058","48131.42882311046","48964.93291861079","49503.38541993081","49787.39248734598","43770.73768255409","41495.58315498014","54715.72526863194","49365.1911169409","54764.62576118145"
"42336.64603371933","54853.8256565374","40682.766435129044","54736.92397383975","51350.30651973323","46153.39850977215","53023.925741907675","45243.456537338294","49253.42938504603","48656.51705987171"
"52885.34121112668","45015.83270891909","53328.94108760316","54626.54761000055","43446.855542748344","41612.84479661717","48699.62918575959","43122.6274185019","43335.47153940655","46482.93055589057"
"44871.45371843492","46003.346478611726","41463.4716040343","49063.55135716223","54107.19736528073","53959.66994959002","51950.72262592673","44711.226322141454","50681.83621870024","51191.45967525905"
"52454.230364575196","51204.83716164358","45779.16999346607","42049.67503018093","52771.08472520903","42387.49558897251","47175.01212673951","54219.57786503087","42974.574372778145","45193.96533725842"
"51797.55746970864","49284.005010497174","47432.33545905554","40990.69289202409","47238.80280214684","46160.501253825656","51364.36934083757","54641.670847433714","46080.015989979984","43517.70284462126"
"49608.61639427986","49715.10944712364","54381.44913310282","41953.667478700416","54940.610709502274","42436.94465692538","52196.3441621001","49960.66416826572","53785.47907138386","43546.05858190516"
"46648.792023687485","41154.74202894235","42293.62306205174","41249.042327197836","40704.60987565774","47372.36503925888","40548.74978042817","47308.6830872856","46825.61279271692","44384.56998754489"
"52298.83699168119","50920.271377459736","53301.686368369854","46138.153787772026","49982.54246758278","53061.3483556641","46663.287586606326","51406.17208666384","41958.75776589623","52782.354189148245"
"42645.5327989872","43364.8903090369","42643.437551885196","50713.32958785027","52952.48460592713","46337.10414712796","47681.42767854744","51407.84646111734","42690.985647703084","47829.540354733006"
"49357.69507199748","54497.59712272498","40100.25639081308","50614.843195452224","48512.043855807366","51574.51319167025","48899.67415681704","49454.333289624505","42140.3615847409","51016.41868851402"
"44816.25659227467","47476.11439998466","48846.72625401076","40982.90653435215","50083.663450882625","42699.80460932702","51728.818377713","53031.8732152447","54328.195871933465","42794.49924798943"
"46106.45716754511","40309.815671530065","41977.998818849046","50416.74251950095","41867.88992942881","54045.87028428329","47171.75325379108","40466.08274300772","51737.16801058591","49902.378420170586"
"48928.68143322655","40892.38915685021","42088.86647242184","54327.76232881202","52340.95666584656","43454.62740213333","41741.812906760206","54991.59630433114","51419.39345226487","46968.28538703492"
"46189.32723998445","51530.41711675858","45887.24357703747","50155.19005041809","44413.62242810469","45734.36423098813","52892.263726877296","40261.98726623378","46646.24260102074","45197.27480766089"
"49622.65845167712","40550.03082620224","45033.70226696617","48034.28294119235","49933.03055457106","40404.273273628736","53294.72234083182","54242.66724322285","44351.787857839336","50803.55863316718"
"40439.68096423638","49738.516354969746","46843.62964938981","51161.08614473228","43097.01623257647","51464.907166172365","47889.50489887145","42830.3430963821","49495.66360059756","46910.152191738"
"47896.572691161215","52096.033525018516","50780.53716966341","40707.07712958271","49949.58556537666","50801.292830540726","49132.393256763746","52896.07239935758","50881.7698581476","49799.560177736246"
"49275.60395944085","53459.435413490915","45309.57960889715","54910.614547516816","42687.81104299387","53178.42649841032","42895.599061827015","52790.198918801645","53579.34787272122","52809.5344960647"
"44532.24389575745","52862.258341374225","45221.68833009411","42888.076649152594","46460.42556978933","40626.32502222049","43071.660699245134","40429.12185091232","46943.46223549209","44481.521574127284"
"52876.33029685038","46250.821001318945","43087.6116547826","50879.36284169396","40842.89743954175","45915.57942949953","53879.19803163773","52162.335975689086","53490.017229746896","45370.483486326906"
"43035.51311888439","44666.7353376552","54253.88693182909","40478.629573521335","46466.50500298802","48759.23291945371","52098.236679276204","45705.269617138074","41146.871404195204","54786.2185193468"
"42478.43011057106","54074.532820965294","49724.14713692889","51205.642378360295","46832.795835969984","49869.93788080918","43901.99635286207","50429.48412946233","40891.93999560182","44136.79396848443"
"47857.76817605471","50336.781959594206","54535.43435768239","46992.502549506375","43926.062206029295","44306.72373214355","42114.8875881417","52203.283968780015","43179.88679153396","44773.22376064562"
"41159.955590479905","53095.73836355582","54179.66405288786","47895.11517162579","45478.15034095415","49539.95953913256","42819.92928303057","53656.117301515376","54533.02664176784","45978.445919713275"
"47768.53982821643","50391.07231073211","52296.36065659963","51365.789147785086","52222.26425575331","54064.92927081341","42487.34654868199","44558.885769494846","43673.226482889215","42149.19583559791"
"48014.67714489275","53265.25648768182","41867.8520852868","45331.544992117444","43412.90584791002","45309.239025844625","40987.94031450764","43456.00115186204","40853.71571530127","43513.80957210166"
"48804.58063750477","42319.313397996724","53167.205399673985","53576.531801972895","43391.90187138021","50095.721111011626","41031.33946283639","50377.10528819778","52731.636503833215","49987.78567823449"
"48431.37255955166","52438.52625211","40750.249547848274","50322.31437080725","43658.66352077191","53558.898651109674","46873.47713614574","54655.67131774486","40651.12983402244","40078.8332438603"
"40207.92131708333","41918.45649799514","44944.654295393906","54155.64084710423","45010.99665627509","40818.36937921125","41474.73592741768","52796.33815782138","46701.276334463364","46980.491100391126"
"52561.14183255983","51432.00641927392","41585.987668801325","45273.0279563413","53476.53508224398","47377.48150289461","43135.24708275697","44683.232413942824","52816.53411667417","51623.85673448967"
"45083.46870228329","52041.0155356031","42699.43670951673","41089.45722625856","51240.78981616627","49274.85644633759","45280.5792044524","44010.044640406435","48677.780030359","53880.575577813026"
"40934.66063528394","49102.3403283672","43261.16989982323","42528.46249978405","48025.624379888344","43018.97421476493","51947.04644039401","53216.10841279359","50223.76842103158","41907.75302337156"
"53134.89738938727","51602.22890013438","51915.16022804923","42175.43198546203","41927.5488541794","53250.850215770675","48491.286189035505","50994.70813167936","47530.67979026552","48108.390906849665"
"42430.738785192196","51663.88232324796","40558.00108845245","44585.507406138306","53504.69027998224","51586.46974532354","43433.32782817125","42623.04015220237","51297.32915146485","48508.95830397663"
"54877.17664157892","54483.06028432535","53905.068306635454","52163.561150544156","41578.916859865705","49800.5430985277","54220.721519463674","50253.07107858016","43406.38698070587","51319.288495718894"
"44318.718704554485","50618.405653949754","52514.163006015704","40333.07294202323","51628.791568831075","45630.03127881672","51648.551219383335","52325.78228347835","50930.31537955974","43372.09962605162"
"50267.51082867196","40305.6354057754","52070.901034817754","50654.411541214344","41743.21743849745","51737.926253441314","40597.68647293548","41649.155801374145","41774.31191189134","40647.63716603952"
"42672.523161246194","43189.934212752174","41383.21155540534","49896.106485729215","51434.587656266114","46314.17069761494","46512.370781367084","50741.84087591998","50383.018741806256","47417.11974536773"
"47389.67276530635","50327.76254525917","50358.80610206435","50160.23817565652","42311.78788410058","49823.662139733045","54035.17026795405","48599.31666632424","42068.59164638473","41394.32806279628"
"51734.00240593114","46495.9039878712","40849.990430890306","53486.98271817967","42344.2342846076","54984.001636629364","47460.95659615176","49420.76342035022","50159.12047189548","52336.490197559986"
"47853.37737516163","40225.25124889821","48310.02310526733","45414.32974864747","47897.593143316066","49931.861119688925","48523.282051141534","40629.08848481466","41176.96425613231","51686.70370759585"
"46713.46026252009","45659.399957216425","44290.86870523064","49765.93474994524","40330.408589616876","42927.33811295718","49317.74564377076","41491.98439249562","42621.42381067548","46367.94399611669"
"44165.37370896181","45509.77922435131","53372.820267475894","45852.075728904725","45946.02481002607","49172.47592444796","54611.033869887804","45333.77953132078","46142.48331976935","47645.84164100483"
"52099.589414058355","41365.21212899665","49845.14182149026","53566.035546447834","48577.05191724357","51010.658004306875","49140.735199106304","41855.68344130659","42900.83369405238","50327.187031644426"
"50382.43196921095","44670.353747447894","47265.08556658087","43157.35521092405","50509.84554723851","52626.555081770966","43308.73669638084","41470.54093441168","42269.29878052218","48327.413499825336"
"41976.49924279588","49508.957462273866","41297.75673222846","40317.83400060895","44258.3284211547","51593.42545237685","52808.57264704149","41032.98300626891","52093.46401037032","48022.48711147187"
"41158.96582845208","44192.205656133316","49166.42984703749","40693.10810393632","44700.82653110764","41952.994506455965","47803.31345784665","53198.169441340906","41717.951177936244","47494.658771143026"
"50722.348156465916","42184.37973680514","43437.19786153958","47543.095203725126","47272.82586840423","44766.63190451103","47808.82951585009","51777.04931770923","42682.39702256049","50554.21328005131"
"52952.86674560602","46480.15412888165","49381.01467055602","40521.84572099284","40543.156407069015","43247.53617494621","45042.573449805415","50519.484010652595","51597.41656633856","42107.14014183782"
"44311.95600474452","43396.90316155318","47685.777792444474","46110.83676763522","54783.166382790805","43966.85674605137","42356.06451944669","44011.887880017755","42182.38245992949","50054.373859920786"
"45531.26069465764","42599.110907856026","53042.90191198084","49136.768100062945","48016.94896863769","53683.38338947282","49738.23872260828","45039.04641685013","54995.396404982115","47929.06115533073"
"41324.39623557221","52685.13357080259","46396.28026564249","49788.26997542331","51133.064231520075","40321.36962388794","50337.52895974316","43299.1782601221","40949.11715486044","42940.22473350896"
"50906.357781950544","52964.80408523239","49910.953864070834","52481.055928941554","53681.92629687787","43815.248655552175","43873.46421516183","48402.56926395318","47481.74063073893","44887.955027976626"
"43662.45578317081","45418.35111208189","42463.217763340675","40722.65319786029","54048.45499668766","49663.37634346665","42732.25344947889","45614.51022979833","50484.960989137224","48031.351072033984"
"50729.72422102165","52711.676957907184","54811.73795411259","53180.13384186049","50640.633476206436","44090.05817394445","52672.36048762937","48225.64612503544","40078.76259464992","44121.088658420354"
"54698.925616817374","45119.79468620557","52985.985228087324","46148.95878654699","48154.00722608391","49665.91304776189","48283.53931596954","49455.71453917302","53833.95828676789","42951.94306107665"
"50998.66334465687","50681.49879781589","41899.04780686473","44256.87894901934","41410.09398966906","40259.744363763864","51136.753751094184","51187.20500173395","46718.48117973308","54794.05678724554"
"49861.67524026346","44900.03694923595","44010.789906363294","54603.06882475446","53578.56455380923","50986.030512025725","44541.53455961244","50660.7485738813","42480.90815776572","53915.19261863108"
"40876.90703223477","50854.777769484775","48138.286649688016","52836.45436713415","54131.1679654136","40481.17079281466","40509.70453140008","52621.442111207536","40621.73986778265","44310.164324097896"
"42530.25640884411","54662.62575308541","44390.4744262393","48405.142749071405","41451.1414621417","48374.86079686473","51559.47948978781","47933.863711374746","43329.5923106121","43924.82809641286"
"46036.049049375855","46978.04214783981","53097.876391286176","49673.32300615737","43869.148334377816","47070.774059346615","50603.71178701722","49234.74358888202","43171.66349020854","48665.23710213961"
"47045.98450840538","54353.917011285725","46447.04077759725","44664.97432224043","43775.55739720197","41683.838275628914","42962.823991882244","47148.255810163915","54494.97579672255","48079.47415856374"
"41555.16367971303","45605.10598002338","51415.34627418481","41702.38970562161","44888.99218085673","51112.00367707135","49274.29649544638","41057.78348333615","53730.728588592225","44339.82111901678"
