"[375.50614238844634, 2735.5054890670444]","[375.50614238844634, 5935.616785399597]","[375.50614238844634, 5520.439358045624]","[375.50614238844634, 4770.559183014061]","[375.50614238844634, 2910.053131650522]","[375.50614238844634, 2641.721612457583]","[375.50614238844634, 4198.243832287637]","[375.50614238844634, 5049.868749401461]","[375.50614238844634, 4132.323169913027]","[375.50614238844634, 5309.246473838786]"
"[754.1075938978639, 3337.539664110024]","[754.1075938978639, 4682.227657735155]","[754.1075938978639, 5667.981925125632]","[754.1075938978639, 5450.013664134629]","[754.1075938978639, 5503.7050386453475]","[754.1075938978639, 3005.6929791537846]","[754.1075938978639, 3508.2238887687236]","[754.1075938978639, 3884.109459651935]","[754.1075938978639, 5336.688401346513]","[754.1075938978639, 3177.9570332705985]"
"[1316.5576273113475, 5645.01754362806]","[1316.5576273113475, 3741.2754381105187]","[1316.5576273113475, 3807.9527627371363]","[1316.5576273113475, 2779.299851081459]","[1316.5576273113475, 3790.3383833200705]","[1316.5576273113475, 5378.11141053593]","[1316.5576273113475, 2781.229401141402]","[1316.5576273113475, 2651.1009043747977]","[1316.5576273113475, 5025.075428908388]","[1316.5576273113475, 3736.5258872986988]"
"[2656.19792839168, 3721.3599071584576]","[2656.19792839168, 3772.042698198613]","[2656.19792839168, 3667.7925186612806]","[2656.19792839168, 3825.5118839148327]","[2656.19792839168, 5152.801602246751]","[2656.19792839168, 3770.80625549621]","[2656.19792839168, 4948.5328556449]","[2656.19792839168, 4133.736912900116]","[2656.19792839168, 5155.820233935821]"
"[2844.3753698817345, 3998.6951615471853]","[2844.3753698817345, 5706.628421752626]","[2844.3753698817345, 5290.415265679347]","[2844.3753698817345, 5132.330760602887]","[2844.3753698817345, 4248.738519054614]","[2844.3753698817345, 3982.5471975036503]","[2844.3753698817345, 5428.529916247459]","[2844.3753698817345, 4022.170071134127]"
"[2987.179755939896, 5443.367507962832]","[2987.179755939896, 4407.28527449547]","[2987.179755939896, 5215.374370206056]","[2987.179755939896, 5707.404497211532]","[2987.179755939896, 5449.410022799177]","[2987.179755939896, 4190.6043896161345]","[2987.179755939896, 4311.046462332391]","[2987.179755939896, 4097.70751043752]"
"[1605.2226460150266, 4055.738837354041]","[1605.2226460150266, 5018.5304312992785]","[1605.2226460150266, 4980.689939945027]","[1605.2226460150266, 3807.8474687400876]","[1605.2226460150266, 2992.4403775926376]","[1605.2226460150266, 3759.5767266847756]","[1605.2226460150266, 5148.892904078033]","[1605.2226460150266, 5187.19412442268]","[1605.2226460150266, 3015.550835969988]","[1605.2226460150266, 2670.0875556940405]"
"[1923.66677608213, 3130.821302615648]","[1923.66677608213, 3048.452040954543]","[1923.66677608213, 4261.847274921636]","[1923.66677608213, 4367.563839947026]","[1923.66677608213, 4180.977038915352]","[1923.66677608213, 3353.480514632505]","[1923.66677608213, 4494.826138882989]","[1923.66677608213, 3023.6073948581843]","[1923.66677608213, 5551.953499722261]","[1923.66677608213, 4443.601047957118]"
"[2640.579046959761, 3910.415635641246]","[2640.579046959761, 3997.6090860804384]","[2640.579046959761, 3866.714844831664]","[2640.579046959761, 4052.546489034872]","[2640.579046959761, 4130.691161072524]","[2640.579046959761, 4063.943383706122]"
"[2772.1594721825386, 5421.434815188655]","[2772.1594721825386, 4920.979631034228]","[2772.1594721825386, 4253.349643497467]","[2772.1594721825386, 4014.554486717934]","[2772.1594721825386, 4266.013341136126]","[2772.1594721825386, 4149.4311453716155]","[2772.1594721825386, 4134.6854562421795]","[2772.1594721825386, 4124.339867072399]","[2772.1594721825386, 5657.189167051414]"
"[1417.238563089946, 3465.6583648363485]","[1417.238563089946, 4336.301748878378]","[1417.238563089946, 4169.702332027284]","[1417.238563089946, 2882.3542141839]","[1417.238563089946, 4943.5545973287535]","[1417.238563089946, 5055.6692787244165]","[1417.238563089946, 2507.6278983143484]","[1417.238563089946, 5249.872912674004]","[1417.238563089946, 4257.51283822318]","[1417.238563089946, 4930.548713701777]"
"[524.6504425162445, 4265.79699086445]","[524.6504425162445, 3089.052870857964]","[524.6504425162445, 5519.4366949172945]","[524.6504425162445, 2953.6328490651204]","[524.6504425162445, 5239.324308211267]","[524.6504425162445, 2905.8518753016406]","[524.6504425162445, 5268.1493397008635]","[524.6504425162445, 3350.932484465797]","[524.6504425162445, 3072.7728343274307]","[524.6504425162445, 2873.4374935341234]"
"[2654.51172573805, 3880.026695644576]","[2654.51172573805, 3786.692914243844]","[2654.51172573805, 5520.410869234646]","[2654.51172573805, 5134.983971968045]","[2654.51172573805, 5513.859075205484]","[2654.51172573805, 4088.3891182620882]","[2654.51172573805, 3666.0378822736398]","[2654.51172573805, 5031.2963164671555]"
"[1474.6526085164558, 4014.178351780022]","[1474.6526085164558, 3945.2042985693797]","[1474.6526085164558, 2888.2821366606395]","[1474.6526085164558, 4990.836158717318]","[1474.6526085164558, 4886.591075041239]","[1474.6526085164558, 4168.898794682809]","[1474.6526085164558, 3645.625934420302]","[1474.6526085164558, 2935.296664899698]","[1474.6526085164558, 5236.814757034006]","[1474.6526085164558, 4208.424018048485]"
"[1720.1650431290138, 3986.0417205360486]","[1720.1650431290138, 2949.368536734105]","[1720.1650431290138, 3836.6223088419256]","[1720.1650431290138, 2993.77339339627]","[1720.1650431290138, 2890.4076126085247]","[1720.1650431290138, 2773.1939966727305]","[1720.1650431290138, 4352.724861507276]","[1720.1650431290138, 2735.224436373329]","[1720.1650431290138, 5820.498313384376]","[1720.1650431290138, 2910.635685653408]"
"[1312.8638425038712, 3822.429892476113]","[1312.8638425038712, 2670.659683749155]","[1312.8638425038712, 5443.1501173603965]","[1312.8638425038712, 2768.0027729243634]","[1312.8638425038712, 3770.544196134998]","[1312.8638425038712, 3814.8626035398324]","[1312.8638425038712, 5308.259278321608]","[1312.8638425038712, 2775.890479270006]","[1312.8638425038712, 3746.544149583467]","[1312.8638425038712, 3825.356902181122]"
"[825.4660750158412, 3344.6037541834185]","[825.4660750158412, 4357.222899084221]","[825.4660750158412, 3685.3744369285178]","[825.4660750158412, 3559.983814272284]","[825.4660750158412, 5346.564614818331]","[825.4660750158412, 4945.222994514631]","[825.4660750158412, 4421.889983038178]","[825.4660750158412, 4629.204504689134]","[825.4660750158412, 4469.7882162042715]","[825.4660750158412, 4617.695324167497]"
"[1996.4324370535414, 3339.5708281467573]","[1996.4324370535414, 5682.871734440707]","[1996.4324370535414, 4425.125352545197]","[1996.4324370535414, 4491.563334828816]","[1996.4324370535414, 5695.686402162577]","[1996.4324370535414, 4427.89051207256]","[1996.4324370535414, 4440.674054432846]","[1996.4324370535414, 4872.4562579600915]","[1996.4324370535414, 3155.860548293956]","[1996.4324370535414, 3451.688584859272]"
"[1937.0524091549999, 4638.18428423815]","[1937.0524091549999, 3232.099909874225]","[1937.0524091549999, 2979.7786672961247]","[1937.0524091549999, 3374.3924143665727]","[1937.0524091549999, 4507.202070554624]","[1937.0524091549999, 3172.610538586153]","[1937.0524091549999, 4288.866727166254]","[1937.0524091549999, 5447.166034514816]","[1937.0524091549999, 4540.566828242039]","[1937.0524091549999, 3376.4136637168667]"
"[949.3221591875006, 4562.433585951465]","[949.3221591875006, 3498.523528855105]","[949.3221591875006, 3923.1545866870483]","[949.3221591875006, 3068.6138855465515]","[949.3221591875006, 2200.958807370145]","[949.3221591875006, 5714.600015198105]","[949.3221591875006, 5300.727628915538]","[949.3221591875006, 3649.4729162325434]","[949.3221591875006, 2201.8651668133616]","[949.3221591875006, 3500.917832620019]"
"[1653.7512578769667, 3827.5844327431478]","[1653.7512578769667, 4153.482779174281]","[1653.7512578769667, 3871.1952594732006]","[1653.7512578769667, 2940.837433475577]","[1653.7512578769667, 4432.976472569528]","[1653.7512578769667, 3018.5010900534]","[1653.7512578769667, 3017.881436814313]","[1653.7512578769667, 4942.256959432111]","[1653.7512578769667, 5426.947566765059]","[1653.7512578769667, 5225.868006146406]"
"[891.0273116737627, 4802.745327579252]","[891.0273116737627, 3325.044619022229]","[891.0273116737627, 3672.216684239481]","[891.0273116737627, 4894.23641382485]","[891.0273116737627, 2317.553471566465]","[891.0273116737627, 3296.737876046215]","[891.0273116737627, 2972.787494305498]","[891.0273116737627, 4027.131645367498]","[891.0273116737627, 3429.0116556976973]","[891.0273116737627, 2330.258858939542]"
"[588.2160845313722, 2907.747046901103]","[588.2160845313722, 4832.365484827908]","[588.2160845313722, 5451.956443534948]","[588.2160845313722, 4379.4621966280365]","[588.2160845313722, 4087.106230747134]","[588.2160845313722, 3434.0605011968764]","[588.2160845313722, 2940.030624280495]","[588.2160845313722, 3912.8160320413]","[588.2160845313722, 4191.317711558258]","[588.2160845313722, 3241.7745592547226]"
"[2499.0088937279097, 3980.517823095677]","[2499.0088937279097, 3778.4096597993857]","[2499.0088937279097, 3855.693430622976]","[2499.0088937279097, 3592.831533286711]","[2499.0088937279097, 3829.9434047166005]","[2499.0088937279097, 3499.291268469923]","[2499.0088937279097, 4782.019545535371]","[2499.0088937279097, 5046.571225921383]","[2499.0088937279097, 3924.1489930858356]"
"[2691.5185349744606, 5000.576323723835]","[2691.5185349744606, 3948.2324009099057]","[2691.5185349744606, 5617.448141644549]","[2691.5185349744606, 4953.890170134298]","[2691.5185349744606, 3795.8229636509927]","[2691.5185349744606, 3767.416025843592]"
"[2864.8329786326003, 3974.841622368148]","[2864.8329786326003, 4026.656602357182]","[2864.8329786326003, 4063.472057938057]","[2864.8329786326003, 4210.631989963155]","[2864.8329786326003, 5078.291778173259]","[2864.8329786326003, 5532.80185856757]","[2864.8329786326003, 3929.7946977690162]","[2864.8329786326003, 4308.491958270319]","[2864.8329786326003, 4288.527509621243]"
"[1247.8072879441256, 4767.961535097251]","[1247.8072879441256, 5204.687535058218]","[1247.8072879441256, 3909.6702582493517]","[1247.8072879441256, 3881.1064872798897]","[1247.8072879441256, 3885.9902033517888]","[1247.8072879441256, 3439.5733331110905]","[1247.8072879441256, 4057.6643837744796]","[1247.8072879441256, 3324.0632074379523]","[1247.8072879441256, 3643.0307665707815]","[1247.8072879441256, 4842.930202819562]"
"[2464.4276485254672, 3607.1441227163978]","[2464.4276485254672, 4813.329506243863]","[2464.4276485254672, 3729.010242304711]","[2464.4276485254672, 3494.275462622]","[2464.4276485254672, 3778.905468238247]","[2464.4276485254672, 5046.257040572568]","[2464.4276485254672, 5216.280481080774]","[2464.4276485254672, 4556.544218897243]"
"[2335.275903338379, 3724.624863824034]","[2335.275903338379, 4830.099967651602]","[2335.275903338379, 3394.954961794573]","[2335.275903338379, 3456.5578318809535]","[2335.275903338379, 5962.907011941374]","[2335.275903338379, 5622.0007861376835]","[2335.275903338379, 4838.6760021700575]","[2335.275903338379, 3625.859608231085]","[2335.275903338379, 4781.229140482334]","[2335.275903338379, 4708.135804278133]"
"[2757.2019696619873, 4999.400265798477]","[2757.2019696619873, 3872.4627185810095]","[2757.2019696619873, 5214.633904669971]","[2757.2019696619873, 5297.776670252144]","[2757.2019696619873, 3999.04249553335]","[2757.2019696619873, 5383.232199244669]"
"[822.8596331998643, 3371.1458284722994]","[822.8596331998643, 4546.442336660521]","[822.8596331998643, 5714.585404055312]","[822.8596331998643, 4401.661210159611]","[822.8596331998643, 3356.9549598766466]","[822.8596331998643, 4577.861850713152]","[822.8596331998643, 3625.4441540037046]","[822.8596331998643, 4886.217863447546]","[822.8596331998643, 5440.503244537665]","[822.8596331998643, 5463.613676367653]"
"[1539.4929571526834, 4215.665548516108]","[1539.4929571526834, 2904.737201157317]","[1539.4929571526834, 2930.7624731133465]","[1539.4929571526834, 3009.099814158812]","[1539.4929571526834, 3590.3897777328625]","[1539.4929571526834, 4365.65977206188]","[1539.4929571526834, 3000.676023646961]","[1539.4929571526834, 4247.017898423334]","[1539.4929571526834, 3828.3321091057196]","[1539.4929571526834, 2699.6700825690023]"
"[2831.2270870861894, 5009.538464277326]","[2831.2270870861894, 3840.6627401795686]","[2831.2270870861894, 4072.130276125771]","[2831.2270870861894, 3947.7880951910793]","[2831.2270870861894, 5528.778638400521]","[2831.2270870861894, 4153.747107411446]"
"[1610.8534819939682, 3103.2003028478057]","[1610.8534819939682, 2977.840868902077]","[1610.8534819939682, 2905.3906497564917]","[1610.8534819939682, 5022.972543377522]","[1610.8534819939682, 2648.196144825094]","[1610.8534819939682, 3090.398630984275]","[1610.8534819939682, 5272.009652758654]","[1610.8534819939682, 4192.274646522814]","[1610.8534819939682, 4290.484951791597]","[1610.8534819939682, 5535.518477580556]"
"[2214.591300739114, 3698.725103069215]","[2214.591300739114, 3326.054423282602]","[2214.591300739114, 3516.690486465719]","[2214.591300739114, 3682.5455724164785]","[2214.591300739114, 3477.1877066714096]","[2214.591300739114, 4961.234716032205]","[2214.591300739114, 4689.167707662741]","[2214.591300739114, 3699.9029027971173]","[2214.591300739114, 3354.812707139062]"
"[1598.2653697659005, 5552.234848596008]","[1598.2653697659005, 4041.9250489714414]","[1598.2653697659005, 5163.819613677521]","[1598.2653697659005, 5781.328345812546]","[1598.2653697659005, 5143.814395488666]","[1598.2653697659005, 4370.924318489465]","[1598.2653697659005, 4993.24607691976]","[1598.2653697659005, 4106.176780395777]","[1598.2653697659005, 4995.890712071364]","[1598.2653697659005, 3697.517721608022]"
"[2526.6391229728583, 3694.889123499789]","[2526.6391229728583, 3884.9764813290094]","[2526.6391229728583, 4959.823804099945]","[2526.6391229728583, 4674.203124271797]","[2526.6391229728583, 4001.1933749494647]","[2526.6391229728583, 3888.39725107711]","[2526.6391229728583, 5245.232737801782]","[2526.6391229728583, 3683.1764524137766]"
"[880.0788081926827, 4571.1947999244085]","[880.0788081926827, 3182.2649026373833]","[880.0788081926827, 4738.602039347049]","[880.0788081926827, 4929.906475200944]","[880.0788081926827, 3415.4970294406294]","[880.0788081926827, 5067.362479059946]","[880.0788081926827, 3449.451964930702]","[880.0788081926827, 4818.210525530585]","[880.0788081926827, 4904.505851790997]","[880.0788081926827, 4321.61085767535]"
"[2227.2019256296176, 5499.035401173305]","[2227.2019256296176, 5785.780520717654]","[2227.2019256296176, 4814.579830062064]","[2227.2019256296176, 5025.007493373259]","[2227.2019256296176, 4826.677095323386]","[2227.2019256296176, 3661.0455049343564]","[2227.2019256296176, 3424.505141403452]","[2227.2019256296176, 4701.417226303706]","[2227.2019256296176, 3302.0450672780344]","[2227.2019256296176, 4766.880606064353]"
"[416.41731138303237, 5497.3776960177]","[416.41731138303237, 4174.451075870202]","[416.41731138303237, 4846.640534821185]","[416.41731138303237, 3781.565882329721]","[416.41731138303237, 4493.610021810526]","[416.41731138303237, 3235.0497306303478]","[416.41731138303237, 5393.591256376252]","[416.41731138303237, 4280.130377166415]","[416.41731138303237, 5126.181081535074]","[416.41731138303237, 2762.4761280049015]"
"[2615.0956758884226, 5037.707247920742]","[2615.0956758884226, 3713.4496432378583]","[2615.0956758884226, 4093.045718616606]","[2615.0956758884226, 3924.7216300340215]","[2615.0956758884226, 3699.370871160443]","[2615.0956758884226, 4004.803368619109]","[2615.0956758884226, 3753.3752768666545]"
"[2336.923683817171, 3798.615898236379]","[2336.923683817171, 4912.612007521372]","[2336.923683817171, 5105.263547048124]","[2336.923683817171, 4888.033806332214]","[2336.923683817171, 3547.440466247037]","[2336.923683817171, 3494.417022883495]","[2336.923683817171, 4811.247203491535]","[2336.923683817171, 3756.2787240225316]","[2336.923683817171, 5746.479381696939]","[2336.923683817171, 3466.7042595818034]"
"[2749.5616921400447, 5222.863929817644]","[2749.5616921400447, 4014.340494536268]","[2749.5616921400447, 3917.3717495791234]","[2749.5616921400447, 5150.490170930642]","[2749.5616921400447, 4042.39749479113]","[2749.5616921400447, 4987.48150264166]","[2749.5616921400447, 3955.8733284736045]"
"[1570.189154689737, 5485.756414539362]","[1570.189154689737, 2945.5470841088845]","[1570.189154689737, 5357.7347973522865]","[1570.189154689737, 4033.616882556006]","[1570.189154689737, 4244.671847518196]","[1570.189154689737, 2819.2855338136615]","[1570.189154689737, 5009.76475522359]","[1570.189154689737, 3952.9681293802287]","[1570.189154689737, 4099.177224225953]","[1570.189154689737, 3052.4043400087385]"
"[2907.168950141596, 3928.87767134253]","[2907.168950141596, 4378.01553900591]","[2907.168950141596, 4395.196961322776]","[2907.168950141596, 5375.002453382717]","[2907.168950141596, 5121.3844623169825]","[2907.168950141596, 5305.679467277372]","[2907.168950141596, 5201.51762706441]"
"[2395.312297748903, 4710.262093521102]","[2395.312297748903, 5007.181484399568]","[2395.312297748903, 3868.3225604225217]","[2395.312297748903, 4834.502341980768]","[2395.312297748903, 3745.6926613348414]","[2395.312297748903, 4994.356985768134]","[2395.312297748903, 3696.2094742948716]","[2395.312297748903, 4807.48117990573]","[2395.312297748903, 3692.7960686221927]","[2395.312297748903, 4836.3735737034585]"
"[2659.863019039478, 4003.6999590642017]","[2659.863019039478, 4067.8081111151996]","[2659.863019039478, 3897.119211795291]","[2659.863019039478, 5063.448646422877]","[2659.863019039478, 3814.8190127304306]","[2659.863019039478, 3847.012721124953]","[2659.863019039478, 5034.416923513241]","[2659.863019039478, 3770.270067677087]"
"[2479.1894476589055, 5952.900145760342]","[2479.1894476589055, 4618.322403892691]","[2479.1894476589055, 3937.7686803235038]","[2479.1894476589055, 3611.1740720936587]","[2479.1894476589055, 3819.7689750527734]","[2479.1894476589055, 3509.229639866132]","[2479.1894476589055, 5734.140115944554]","[2479.1894476589055, 3672.1939205098715]"
"[2077.65092699353, 4675.4224306191145]","[2077.65092699353, 3113.0302360014716]","[2077.65092699353, 3534.019687656014]","[2077.65092699353, 3249.3429740653246]","[2077.65092699353, 4710.138674571261]","[2077.65092699353, 3154.6334793586448]","[2077.65092699353, 3556.2376044694033]","[2077.65092699353, 4564.116028134514]","[2077.65092699353, 3156.02307074475]"
"[1772.318166931844, 4281.442610086292]","[1772.318166931844, 3220.8592974084922]","[1772.318166931844, 5404.54331934177]","[1772.318166931844, 4214.567193095514]","[1772.318166931844, 2858.7102881553074]","[1772.318166931844, 4289.340167425243]","[1772.318166931844, 5534.3254194381625]","[1772.318166931844, 4351.12244173025]","[1772.318166931844, 4446.60222003451]","[1772.318166931844, 4388.263999600683]"
"[1915.6462362476984, 3280.2919661470423]","[1915.6462362476984, 4200.64333406062]","[1915.6462362476984, 3397.7757061879893]","[1915.6462362476984, 3039.6512989231715]","[1915.6462362476984, 4495.463028477167]","[1915.6462362476984, 4406.864921842989]","[1915.6462362476984, 3397.5024196127515]","[1915.6462362476984, 4432.602641805632]","[1915.6462362476984, 3137.480958540773]","[1915.6462362476984, 2936.00850299446]"
"[1353.2493727350225, 3540.3503953875966]","[1353.2493727350225, 4113.5413255806]","[1353.2493727350225, 4461.540378773468]","[1353.2493727350225, 5075.367525204949]","[1353.2493727350225, 5707.164530410835]","[1353.2493727350225, 3692.3157047835275]","[1353.2493727350225, 4173.450268525314]","[1353.2493727350225, 5010.332301194368]","[1353.2493727350225, 3481.986513068751]","[1353.2493727350225, 2507.364591427173]"
"[2960.8687976901606, 5150.957051314603]","[2960.8687976901606, 5631.2591836344845]","[2960.8687976901606, 4089.7473253910075]","[2960.8687976901606, 4102.514779372307]","[2960.8687976901606, 4324.8144918468315]"
"[2931.1713404987354, 3966.1388143458225]","[2931.1713404987354, 5849.363506078533]","[2931.1713404987354, 4195.021898759585]","[2931.1713404987354, 5289.6952112696545]","[2931.1713404987354, 4051.240131743184]","[2931.1713404987354, 4153.255021504801]","[2931.1713404987354, 5130.874094998278]"
"[2816.338455686224, 5419.186527416571]","[2816.338455686224, 4311.669374812297]","[2816.338455686224, 5157.1909431339955]","[2816.338455686224, 4070.3618356955376]","[2816.338455686224, 3938.0886262510194]","[2816.338455686224, 4188.979763409784]","[2816.338455686224, 3896.4643658771292]","[2816.338455686224, 4147.252679797961]"
"[1580.6305720797122, 4099.802866373797]","[1580.6305720797122, 5256.329560746999]","[1580.6305720797122, 4073.631542139954]","[1580.6305720797122, 3885.8192734068593]","[1580.6305720797122, 5594.987191482997]","[1580.6305720797122, 2584.4087938233033]","[1580.6305720797122, 3052.130211230033]","[1580.6305720797122, 5328.111914579461]","[1580.6305720797122, 4151.234305811075]","[1580.6305720797122, 2865.544647664304]"
"[1247.3466587309144, 5211.126527561492]","[1247.3466587309144, 4114.452504106127]","[1247.3466587309144, 2264.231273497083]","[1247.3466587309144, 5199.076502507594]","[1247.3466587309144, 3562.727899751595]","[1247.3466587309144, 2451.673827820729]","[1247.3466587309144, 2537.2022502878663]","[1247.3466587309144, 3669.5328348561034]","[1247.3466587309144, 3821.8080608362147]","[1247.3466587309144, 4601.738031064947]"
"[1845.1162203827037, 3042.6919188905904]","[1845.1162203827037, 5453.119718039859]","[1845.1162203827037, 4299.158437704018]","[1845.1162203827037, 5755.999265776884]","[1845.1162203827037, 3313.251114311668]","[1845.1162203827037, 5373.544616444948]","[1845.1162203827037, 3073.901553557863]","[1845.1162203827037, 2970.0916480038372]","[1845.1162203827037, 4505.739427293634]","[1845.1162203827037, 3338.198083495382]"
"[2223.127101198604, 3350.8883028014425]","[2223.127101198604, 3373.1105375556704]","[2223.127101198604, 5806.580896245277]","[2223.127101198604, 3445.1855208341726]","[2223.127101198604, 5027.570334719456]","[2223.127101198604, 4852.425722187956]","[2223.127101198604, 4964.332174897041]","[2223.127101198604, 4710.359210150191]","[2223.127101198604, 5052.181033022647]","[2223.127101198604, 3310.8396522971734]"
"[756.9370756469397, 3336.3292468188947]","[756.9370756469397, 3390.499352777406]","[756.9370756469397, 4506.39888941248]","[756.9370756469397, 4507.732535352222]","[756.9370756469397, 3348.2469765105016]","[756.9370756469397, 4377.110532824949]","[756.9370756469397, 4733.614666436738]","[756.9370756469397, 4664.458226679501]","[756.9370756469397, 4320.4978708218705]","[756.9370756469397, 5054.464798162511]"
"[2892.3124984133487, 5633.943444100278]","[2892.3124984133487, 5028.340789858302]","[2892.3124984133487, 4234.900274609009]","[2892.3124984133487, 4083.1710178184417]","[2892.3124984133487, 5286.46117419807]","[2892.3124984133487, 4140.3064311252065]"
"[2746.4564984476247, 3786.5704814523897]","[2746.4564984476247, 3928.1843165013806]","[2746.4564984476247, 4803.975464721889]","[2746.4564984476247, 3764.4671717332208]","[2746.4564984476247, 3805.2478841405673]","[2746.4564984476247, 5035.586890293294]","[2746.4564984476247, 5120.085133963432]","[2746.4564984476247, 4234.320205775688]","[2746.4564984476247, 5189.616468819719]"
"[962.3756829289578, 5389.5441376874005]","[962.3756829289578, 3173.764691170055]","[962.3756829289578, 4940.109131717936]","[962.3756829289578, 2362.192309293834]","[962.3756829289578, 3544.9163871014334]","[962.3756829289578, 5884.740891563189]","[962.3756829289578, 5036.47779928839]","[962.3756829289578, 3487.4722385251616]","[962.3756829289578, 5051.859382135599]","[962.3756829289578, 3711.1626915150523]"
"[1149.6893618375495, 2382.8227225758774]","[1149.6893618375495, 3396.3500831923025]","[1149.6893618375495, 5323.018040549021]","[1149.6893618375495, 4351.994577778909]","[1149.6893618375495, 4749.215815029457]","[1149.6893618375495, 5437.409495433642]","[1149.6893618375495, 3557.5371960856082]","[1149.6893618375495, 5690.108439070873]","[1149.6893618375495, 4475.488440544169]","[1149.6893618375495, 3600.0740774498927]"
"[626.9459716001272, 3129.5499879519252]","[626.9459716001272, 5204.525602315571]","[626.9459716001272, 4708.577931355016]","[626.9459716001272, 4687.571708370264]","[626.9459716001272, 4557.934736915469]","[626.9459716001272, 5229.841858197113]","[626.9459716001272, 2875.6430997498774]","[626.9459716001272, 4240.040169283725]","[626.9459716001272, 2998.7868738745306]","[626.9459716001272, 3203.873282425099]"
"[2799.7342540369145, 5707.451939910008]","[2799.7342540369145, 3942.8946917578023]","[2799.7342540369145, 3800.8023133001243]","[2799.7342540369145, 4079.238950849988]","[2799.7342540369145, 4002.4495247311984]","[2799.7342540369145, 5525.391866291451]","[2799.7342540369145, 4118.203930635579]"
"[1887.2527441894297, 3311.0768105777206]","[1887.2527441894297, 4623.867969111177]","[1887.2527441894297, 4557.374318385074]","[1887.2527441894297, 4249.416778758787]","[1887.2527441894297, 2904.9677806888976]","[1887.2527441894297, 3367.679946266522]","[1887.2527441894297, 3363.701927095587]","[1887.2527441894297, 3122.838949319659]","[1887.2527441894297, 3167.368494780989]","[1887.2527441894297, 4432.248458748156]"
"[2597.430430062677, 3831.2029165667564]","[2597.430430062677, 5234.772376661317]","[2597.430430062677, 4097.236406745236]","[2597.430430062677, 5040.181912498532]","[2597.430430062677, 3919.3277637663205]","[2597.430430062677, 3946.9815176508046]"
"[2948.6190367046206, 5304.660801090113]","[2948.6190367046206, 4104.9065153274805]","[2948.6190367046206, 5380.377971059075]","[2948.6190367046206, 5157.434497416552]","[2948.6190367046206, 5290.98625613833]","[2948.6190367046206, 3995.661632614215]","[2948.6190367046206, 5131.964798640049]"
"[2643.154141965936, 5160.938317165292]","[2643.154141965936, 3830.9626869442454]","[2643.154141965936, 5170.785899080435]","[2643.154141965936, 4127.731289235497]","[2643.154141965936, 3969.560492039024]","[2643.154141965936, 3839.0655987574273]","[2643.154141965936, 4076.11662222103]","[2643.154141965936, 4118.755682078599]"
"[298.0770409473526, 5142.936007295143]","[298.0770409473526, 4322.839064020499]","[298.0770409473526, 2808.153498029651]","[298.0770409473526, 2782.3710419561576]","[298.0770409473526, 5462.674755757447]","[298.0770409473526, 4417.462009571186]","[298.0770409473526, 2890.6395065891265]","[298.0770409473526, 2866.1659050516664]","[298.0770409473526, 5329.212883788364]","[298.0770409473526, 2479.242295557234]"
"[2256.8537640847417, 3501.9343622532597]","[2256.8537640847417, 3661.4667280737067]","[2256.8537640847417, 4520.956772832036]","[2256.8537640847417, 3502.5308147368337]","[2256.8537640847417, 3415.6282485673137]","[2256.8537640847417, 4717.93269184175]","[2256.8537640847417, 4919.658277895736]","[2256.8537640847417, 3501.8852156326793]","[2256.8537640847417, 3536.773828594624]"
"[931.6382628212434, 5076.509308228174]","[931.6382628212434, 5381.737003889608]","[931.6382628212434, 4682.17410262403]","[931.6382628212434, 4851.40292911081]","[931.6382628212434, 4440.551981554128]","[931.6382628212434, 5615.596746706592]","[931.6382628212434, 4579.910567165238]","[931.6382628212434, 4957.59634021109]","[931.6382628212434, 3563.0839257193174]","[931.6382628212434, 4611.187166641495]"
"[2572.167361372649, 3855.683170151261]","[2572.167361372649, 3633.6624660843427]","[2572.167361372649, 3838.170116746316]","[2572.167361372649, 5148.641664227119]","[2572.167361372649, 3803.748783504676]","[2572.167361372649, 4877.898361576583]","[2572.167361372649, 5025.589960138231]","[2572.167361372649, 3679.767872162146]"
"[1939.4512416626853, 5704.765136857902]","[1939.4512416626853, 3305.947440126407]","[1939.4512416626853, 4459.597542726723]","[1939.4512416626853, 4804.969183691209]","[1939.4512416626853, 4423.214360852403]","[1939.4512416626853, 5410.931786189684]","[1939.4512416626853, 3424.0500773006934]","[1939.4512416626853, 4422.451158537754]","[1939.4512416626853, 3402.402670967899]","[1939.4512416626853, 4625.027083148944]"
"[2380.557871823088, 3386.5772884946145]","[2380.557871823088, 3824.6643125752944]","[2380.557871823088, 3726.967938401485]","[2380.557871823088, 4491.2202825563745]","[2380.557871823088, 3596.642432527915]","[2380.557871823088, 5107.015257961537]","[2380.557871823088, 3650.7338694947084]","[2380.557871823088, 5850.681675698963]","[2380.557871823088, 3456.068411647978]"
"[871.3628784496002, 4735.307154584345]","[871.3628784496002, 4799.067190255743]","[871.3628784496002, 3225.3950669433552]","[871.3628784496002, 5571.203588120149]","[871.3628784496002, 2128.0516101934277]","[871.3628784496002, 4632.093139188696]","[871.3628784496002, 4700.272108969875]","[871.3628784496002, 4904.533862816619]","[871.3628784496002, 3609.348285636016]","[871.3628784496002, 3241.750569339303]"
"[496.55962866953894, 3259.7502803658854]","[496.55962866953894, 3289.6846501454374]","[496.55962866953894, 5503.4713813119615]","[496.55962866953894, 4310.346650131862]","[496.55962866953894, 5609.754893884283]","[496.55962866953894, 4567.2486754345155]","[496.55962866953894, 4050.5787475615507]","[496.55962866953894, 4182.776191350754]","[496.55962866953894, 4110.709508167331]","[496.55962866953894, 5314.648628464869]"
"[801.0073484511043, 5911.814451130724]","[801.0073484511043, 3344.1773554093816]","[801.0073484511043, 3479.2606638332554]","[801.0073484511043, 3232.648785480046]","[801.0073484511043, 5125.346082949069]","[801.0073484511043, 4723.533271846785]","[801.0073484511043, 4219.020668416161]","[801.0073484511043, 3262.9032184566026]","[801.0073484511043, 4914.0413277899315]","[801.0073484511043, 5140.2916736562265]"
"[2579.606776057742, 3929.412683841935]","[2579.606776057742, 3947.8981153806913]","[2579.606776057742, 5083.750161920379]","[2579.606776057742, 5250.93367457382]","[2579.606776057742, 4972.0708118928]","[2579.606776057742, 3807.5277576971425]","[2579.606776057742, 5058.947299217516]","[2579.606776057742, 4801.840607891994]","[2579.606776057742, 4660.759269358478]","[2579.606776057742, 5093.926350487754]"
"[2171.8006604477414, 3183.460440642498]","[2171.8006604477414, 3621.1094163484395]","[2171.8006604477414, 3418.0121497053774]","[2171.8006604477414, 3213.574114915785]","[2171.8006604477414, 3486.9208208977443]","[2171.8006604477414, 3563.438092564328]","[2171.8006604477414, 4708.251007070168]","[2171.8006604477414, 4525.226442254703]","[2171.8006604477414, 5760.648090512123]","[2171.8006604477414, 3445.265606567322]"
"[830.834086313495, 3783.55095186675]","[830.834086313495, 5686.382532055794]","[830.834086313495, 4947.652205442808]","[830.834086313495, 4994.865721504593]","[830.834086313495, 3259.0556743508805]","[830.834086313495, 3635.7190559742708]","[830.834086313495, 3367.105427147283]","[830.834086313495, 3204.0223192035037]","[830.834086313495, 5543.101392866525]","[830.834086313495, 4411.593530050868]"
"[487.2576389287017, 5706.382749213581]","[487.2576389287017, 3069.3257496090146]","[487.2576389287017, 5140.859368254086]","[487.2576389287017, 4225.352214749857]","[487.2576389287017, 4323.465621269408]","[487.2576389287017, 2876.901959688299]","[487.2576389287017, 2950.1995523463484]","[487.2576389287017, 4508.167040199312]","[487.2576389287017, 3233.7860844349925]","[487.2576389287017, 2889.5989024790647]"
"[2535.2711342794746, 4773.32147927223]","[2535.2711342794746, 4015.799104407699]","[2535.2711342794746, 3536.543417772273]","[2535.2711342794746, 5191.72969298355]","[2535.2711342794746, 3558.274278216541]","[2535.2711342794746, 3808.53901459424]","[2535.2711342794746, 3642.18292365708]","[2535.2711342794746, 5092.727262384022]","[2535.2711342794746, 3836.4621265136757]"
"[1562.6667067957508, 2910.4857612304213]","[1562.6667067957508, 4201.5567062464615]","[1562.6667067957508, 4980.9469271332655]","[1562.6667067957508, 4078.922063192671]","[1562.6667067957508, 3933.5131445251814]","[1562.6667067957508, 5371.3815849453895]","[1562.6667067957508, 5664.162284071439]","[1562.6667067957508, 2769.034079743592]","[1562.6667067957508, 3841.0379189872274]","[1562.6667067957508, 5386.321542410007]"
"[2022.051425940555, 5488.006771814539]","[2022.051425940555, 4588.144832551796]","[2022.051425940555, 5730.1091937784295]","[2022.051425940555, 3335.3085299990835]","[2022.051425940555, 4829.5249021267855]","[2022.051425940555, 3061.43720613566]","[2022.051425940555, 3444.1089727289745]","[2022.051425940555, 3234.059008531045]","[2022.051425940555, 3252.5768303061786]","[2022.051425940555, 3116.3892015221745]"
"[2465.703798937046, 4823.229059530233]","[2465.703798937046, 5145.594486533764]","[2465.703798937046, 4946.818297377656]","[2465.703798937046, 3920.237008045845]","[2465.703798937046, 4991.861887480118]","[2465.703798937046, 3536.984216201912]","[2465.703798937046, 3959.3810597407764]"
"[2394.1417834318736, 3734.2778475551677]","[2394.1417834318736, 3399.0732163528437]","[2394.1417834318736, 3592.5352211685567]","[2394.1417834318736, 5766.32057594956]","[2394.1417834318736, 4852.797269862276]","[2394.1417834318736, 5015.115133169535]","[2394.1417834318736, 3778.6912808535426]","[2394.1417834318736, 4657.253831970761]"
"[1393.836108333866, 5265.958886587582]","[1393.836108333866, 5152.46832031635]","[1393.836108333866, 2834.5043709376023]","[1393.836108333866, 3645.5299608158894]","[1393.836108333866, 4250.247741804196]","[1393.836108333866, 4193.344771305335]","[1393.836108333866, 5389.188109743187]","[1393.836108333866, 5193.95111341367]","[1393.836108333866, 4031.731239593081]","[1393.836108333866, 3516.3285614099404]"
"[853.5038470863904, 4563.753752354049]","[853.5038470863904, 3776.6665165186328]","[853.5038470863904, 3515.8722652668594]","[853.5038470863904, 3168.158002157038]","[853.5038470863904, 4923.593730190215]","[853.5038470863904, 5570.515638608057]","[853.5038470863904, 3408.9235855119405]","[853.5038470863904, 2289.825739643878]","[853.5038470863904, 3134.0973877574243]","[853.5038470863904, 4396.494750512538]"
"[1464.6830222873505, 5313.358263375424]","[1464.6830222873505, 5202.424178215007]","[1464.6830222873505, 4936.74557496247]","[1464.6830222873505, 2821.9778610254234]","[1464.6830222873505, 4888.349703606138]","[1464.6830222873505, 2868.505537447032]","[1464.6830222873505, 3697.4767751803292]","[1464.6830222873505, 2954.1442169568654]","[1464.6830222873505, 5374.347383799448]","[1464.6830222873505, 4937.772329648751]"
"[994.896953025722, 4612.960423244836]","[994.896953025722, 5099.920285227696]","[994.896953025722, 4384.559357330701]","[994.896953025722, 3299.3020608716615]","[994.896953025722, 5023.852030305845]","[994.896953025722, 5517.907141828833]","[994.896953025722, 4760.289661116218]","[994.896953025722, 3696.1695759199547]","[994.896953025722, 4767.3677901196415]","[994.896953025722, 3195.0782474870693]"
"[1383.8572314218636, 3872.3197166429027]","[1383.8572314218636, 3916.6130022023945]","[1383.8572314218636, 4941.383956569113]","[1383.8572314218636, 4208.424966801734]","[1383.8572314218636, 2879.184710792637]","[1383.8572314218636, 4080.8955430793512]","[1383.8572314218636, 4807.587054726948]","[1383.8572314218636, 2715.284322713974]","[1383.8572314218636, 3660.38238242316]","[1383.8572314218636, 5359.275975576234]"
"[1132.2527587163765, 2260.128187782655]","[1132.2527587163765, 3806.2651757881013]","[1132.2527587163765, 4042.8501101185757]","[1132.2527587163765, 3862.3953279266693]","[1132.2527587163765, 4704.956107038359]","[1132.2527587163765, 3567.7716918725273]","[1132.2527587163765, 5204.096334233498]","[1132.2527587163765, 2511.419881606861]","[1132.2527587163765, 4818.385206700523]","[1132.2527587163765, 3456.855937362321]"
"[2701.322608995469, 5206.75412045978]","[2701.322608995469, 5050.047744407142]","[2701.322608995469, 4832.25511781404]","[2701.322608995469, 5541.93135477595]","[2701.322608995469, 5027.256475274703]","[2701.322608995469, 3759.92541232831]","[2701.322608995469, 3898.6969335505155]","[2701.322608995469, 4105.477524056717]","[2701.322608995469, 4105.455761708187]"
"[2335.678967679398, 3355.3906519686193]","[2335.678967679398, 5872.494811591473]","[2335.678967679398, 4669.508280196891]","[2335.678967679398, 5085.04123003714]","[2335.678967679398, 4906.763165035484]","[2335.678967679398, 5617.893170448249]","[2335.678967679398, 3486.0601739269387]","[2335.678967679398, 3349.063994464891]"
"[1601.716295816243, 3095.0747439761535]","[1601.716295816243, 3090.21264045318]","[1601.716295816243, 4422.112462215209]","[1601.716295816243, 2996.1861279603863]","[1601.716295816243, 2975.728072594019]","[1601.716295816243, 3772.861354272737]","[1601.716295816243, 3001.472396389491]","[1601.716295816243, 2744.4392138813896]","[1601.716295816243, 4103.133122535077]","[1601.716295816243, 5286.176137753428]"
"[1664.014884005319, 5856.862970959011]","[1664.014884005319, 3142.954454117711]","[1664.014884005319, 5611.621574983446]","[1664.014884005319, 5240.391931312968]","[1664.014884005319, 3016.635929154116]","[1664.014884005319, 4470.461968393874]","[1664.014884005319, 5400.902422149743]","[1664.014884005319, 4267.762592747082]","[1664.014884005319, 5513.6061120543945]","[1664.014884005319, 5297.392847899564]"
"[1956.1738618917693, 5613.352086836618]","[1956.1738618917693, 3100.554013860551]","[1956.1738618917693, 5763.778372892435]","[1956.1738618917693, 4534.828480079557]","[1956.1738618917693, 4269.503007831709]","[1956.1738618917693, 3011.537899086413]","[1956.1738618917693, 3128.333661540135]","[1956.1738618917693, 4738.908751102323]","[1956.1738618917693, 4498.043584716588]","[1956.1738618917693, 4256.4645495196355]"
"[744.4374029344518, 2128.7270776977325]","[744.4374029344518, 3031.0931939538214]","[744.4374029344518, 4927.260577710187]","[744.4374029344518, 4542.438389223735]","[744.4374029344518, 3036.9001975947954]","[744.4374029344518, 4738.554207170726]","[744.4374029344518, 3329.4961953367474]","[744.4374029344518, 3213.6063759228427]","[744.4374029344518, 4876.565165392825]","[744.4374029344518, 4492.741208807959]"
"[2294.32463741471, 3485.1496896185167]","[2294.32463741471, 4726.393926530498]","[2294.32463741471, 5866.2461979757345]","[2294.32463741471, 3529.5946254156943]","[2294.32463741471, 4824.461213923777]","[2294.32463741471, 4609.487545850549]","[2294.32463741471, 4806.3535495910755]","[2294.32463741471, 5046.940506945619]","[2294.32463741471, 4875.009776627236]","[2294.32463741471, 4988.923270316405]"
"[2018.3221264615925, 4760.6447522379385]","[2018.3221264615925, 4505.509255817895]","[2018.3221264615925, 3458.7241425794496]","[2018.3221264615925, 3429.152285966259]","[2018.3221264615925, 4127.288312775133]","[2018.3221264615925, 4524.630301238111]","[2018.3221264615925, 3360.7840582781782]","[2018.3221264615925, 4631.452400394456]","[2018.3221264615925, 4858.726012037973]","[2018.3221264615925, 4733.650054326681]"
"[2488.873927295423, 3794.870226140588]","[2488.873927295423, 5045.886825649767]","[2488.873927295423, 4617.207008073868]","[2488.873927295423, 4842.03752720815]","[2488.873927295423, 5063.249491133834]","[2488.873927295423, 4781.118718743641]","[2488.873927295423, 3720.870421422995]","[2488.873927295423, 3725.228062099429]","[2488.873927295423, 4691.125424312008]"
"[2964.8316888574573, 5411.6284243681375]","[2964.8316888574573, 4075.2918057798015]","[2964.8316888574573, 4340.271814182066]","[2964.8316888574573, 5255.238818154665]","[2964.8316888574573, 5561.051161448085]","[2964.8316888574573, 5636.980345599214]","[2964.8316888574573, 4120.3072981132955]"
"[2374.268389183477, 3421.1217049718834]","[2374.268389183477, 4808.455484549098]","[2374.268389183477, 3819.0964443638204]","[2374.268389183477, 5278.335365075733]","[2374.268389183477, 4621.2900258655545]","[2374.268389183477, 3387.249884581418]"
"[2998.8859082824515, 4304.026172095901]","[2998.8859082824515, 4010.5207278183834]","[2998.8859082824515, 4121.241021445054]","[2998.8859082824515, 5405.180378732959]","[2998.8859082824515, 4039.0151536162857]","[2998.8859082824515, 4159.193412815036]","[2998.8859082824515, 5702.355861355929]"
"[1995.7579019173168, 3459.9958723466048]","[1995.7579019173168, 5576.844178479293]","[1995.7579019173168, 3186.8385707975767]","[1995.7579019173168, 5491.896664939419]","[1995.7579019173168, 5377.546488304638]","[1995.7579019173168, 5456.365165258318]","[1995.7579019173168, 4669.120012593259]","[1995.7579019173168, 4798.325197483335]","[1995.7579019173168, 5503.270868875276]","[1995.7579019173168, 4524.111340017885]"
"[2800.6224405519592, 4240.972340282165]","[2800.6224405519592, 5417.138592464504]","[2800.6224405519592, 3972.3636076562602]","[2800.6224405519592, 4134.183893648382]","[2800.6224405519592, 5081.063869144571]"
"[1801.314269846149, 3046.1697718045507]","[1801.314269846149, 4704.110928046006]","[1801.314269846149, 4320.148994054627]","[1801.314269846149, 4124.224497684937]","[1801.314269846149, 5565.05920826287]","[1801.314269846149, 5682.373123369189]","[1801.314269846149, 5317.862390821654]","[1801.314269846149, 5629.443569609649]","[1801.314269846149, 4185.608168291317]","[1801.314269846149, 2997.1744073608306]"
"[2225.6308532872845, 4766.7163862469915]","[2225.6308532872845, 3430.453416286276]","[2225.6308532872845, 5922.492584528504]","[2225.6308532872845, 3518.315643638065]","[2225.6308532872845, 4927.043262175877]","[2225.6308532872845, 4614.189057607355]","[2225.6308532872845, 4550.729959560583]","[2225.6308532872845, 4740.510069785527]","[2225.6308532872845, 4626.194573977192]"
"[1004.5196275988225, 4858.964012031025]","[1004.5196275988225, 3393.0235575068164]","[1004.5196275988225, 5293.523636460134]","[1004.5196275988225, 4733.2121484743875]","[1004.5196275988225, 5193.008938209505]","[1004.5196275988225, 3641.6792753525933]","[1004.5196275988225, 4772.675284473177]","[1004.5196275988225, 3482.059057255685]","[1004.5196275988225, 2238.915306250811]","[1004.5196275988225, 3558.239418349476]"
"[1338.9273463679922, 4884.648487167839]","[1338.9273463679922, 5135.741161810296]","[1338.9273463679922, 4574.648975289137]","[1338.9273463679922, 2752.3495499808787]","[1338.9273463679922, 4015.418747942673]","[1338.9273463679922, 2827.0809199388113]","[1338.9273463679922, 5168.777888746345]","[1338.9273463679922, 5112.5095522697575]","[1338.9273463679922, 4123.453792724608]","[1338.9273463679922, 3567.834962022983]"
"[380.70497024177473, 5543.04198965877]","[380.70497024177473, 3232.3730966056037]","[380.70497024177473, 4289.583569715448]","[380.70497024177473, 4204.039537652109]","[380.70497024177473, 2923.820548853586]","[380.70497024177473, 4227.515954758943]","[380.70497024177473, 4919.382008403741]","[380.70497024177473, 2868.0527440612473]","[380.70497024177473, 5490.187774735932]","[380.70497024177473, 4187.7199118362805]"
"[2515.1498397443024, 5278.106446024756]","[2515.1498397443024, 3607.7245795532626]","[2515.1498397443024, 5424.491033822968]","[2515.1498397443024, 3523.8668102441034]","[2515.1498397443024, 3613.770425750686]","[2515.1498397443024, 4623.241306141685]","[2515.1498397443024, 5253.194932982504]","[2515.1498397443024, 4888.833629284308]"
"[943.6086854282798, 3684.211816688147]","[943.6086854282798, 4915.944902998915]","[943.6086854282798, 5163.04597473425]","[943.6086854282798, 4907.876961704931]","[943.6086854282798, 4478.749069130457]","[943.6086854282798, 4675.888017143879]","[943.6086854282798, 5858.851306049406]","[943.6086854282798, 2409.1331629763627]","[943.6086854282798, 4712.096883176942]","[943.6086854282798, 4883.584274370233]"
"[258.98288780377254, 3760.6613885020497]","[258.98288780377254, 3839.2189495620605]","[258.98288780377254, 4351.5527405894645]","[258.98288780377254, 2703.7281347077624]","[258.98288780377254, 4786.349768640183]","[258.98288780377254, 4165.41330459137]","[258.98288780377254, 3136.059843379654]","[258.98288780377254, 3983.286298004419]","[258.98288780377254, 4318.550315442739]","[258.98288780377254, 2910.7302995418377]"
"[1177.1885399060463, 3967.0978230554338]","[1177.1885399060463, 5260.299168575601]","[1177.1885399060463, 3499.792975899384]","[1177.1885399060463, 3987.3818910278756]","[1177.1885399060463, 5135.235946714228]","[1177.1885399060463, 3818.180406978756]","[1177.1885399060463, 5015.692567045244]","[1177.1885399060463, 2600.947113169437]","[1177.1885399060463, 5205.791392179228]","[1177.1885399060463, 5276.975002055202]"
"[1539.4268298263112, 3946.193232804876]","[1539.4268298263112, 4296.190765039575]","[1539.4268298263112, 3879.159617675537]","[1539.4268298263112, 4184.521386704439]","[1539.4268298263112, 4282.820179466551]","[1539.4268298263112, 4064.460248585143]","[1539.4268298263112, 2955.3930884005413]","[1539.4268298263112, 4314.483007843248]","[1539.4268298263112, 2835.93746521918]","[1539.4268298263112, 2864.297665361487]"
"[977.8049521099216, 4724.597961606964]","[977.8049521099216, 3603.3924258652078]","[977.8049521099216, 3641.5228917500554]","[977.8049521099216, 4620.144332538299]","[977.8049521099216, 3408.557351607168]","[977.8049521099216, 4665.228157635612]","[977.8049521099216, 4643.046597537929]","[977.8049521099216, 4287.542086026154]","[977.8049521099216, 4983.278713958329]","[977.8049521099216, 4381.279266821585]"
"[2752.171282717862, 4119.793246306197]","[2752.171282717862, 3969.1703805986785]","[2752.171282717862, 4038.201678451279]","[2752.171282717862, 5234.455315979463]","[2752.171282717862, 3963.4437274403012]","[2752.171282717862, 3964.9922818106224]","[2752.171282717862, 3856.3175021150373]","[2752.171282717862, 5010.554368998513]"
"[2994.32274887167, 5467.105887383152]","[2994.32274887167, 5287.7445839903885]","[2994.32274887167, 5527.788572829066]","[2994.32274887167, 5129.155291692726]","[2994.32274887167, 5457.827409665807]"
"[2416.241677314664, 3847.5569249735872]","[2416.241677314664, 3508.200382022829]","[2416.241677314664, 5347.573994472254]","[2416.241677314664, 4669.480189065912]","[2416.241677314664, 3820.864505357623]","[2416.241677314664, 5110.407609751983]","[2416.241677314664, 4834.936267343048]","[2416.241677314664, 3606.251864682934]"
"[2796.732972077609, 4109.476776720427]","[2796.732972077609, 5304.25743130103]","[2796.732972077609, 5680.31126396929]","[2796.732972077609, 4256.970331127593]","[2796.732972077609, 5256.112441336101]","[2796.732972077609, 3892.950017508547]","[2796.732972077609, 5312.37963453183]","[2796.732972077609, 4168.407556740285]"
"[2672.070512013589, 4154.944063123595]","[2672.070512013589, 5153.6554344446195]","[2672.070512013589, 4165.338984500795]","[2672.070512013589, 5100.578926456186]","[2672.070512013589, 3818.047084451991]","[2672.070512013589, 4052.441204980578]","[2672.070512013589, 5267.778485999178]"
"[969.3312663722603, 4843.81231983275]","[969.3312663722603, 4544.065593438625]","[969.3312663722603, 3637.8186597745116]","[969.3312663722603, 4733.691208386255]","[969.3312663722603, 3395.6328516471876]","[969.3312663722603, 4526.393794066111]","[969.3312663722603, 4732.029656962523]","[969.3312663722603, 5422.366453223695]","[969.3312663722603, 4603.995809770564]","[969.3312663722603, 3317.5018534744263]"
"[1220.2108447732794, 5101.261352692978]","[1220.2108447732794, 2646.374203049485]","[1220.2108447732794, 5219.823593163721]","[1220.2108447732794, 5179.690931020707]","[1220.2108447732794, 3687.6550886249306]","[1220.2108447732794, 3630.191260820674]","[1220.2108447732794, 5075.457288821037]","[1220.2108447732794, 2556.9916688739127]","[1220.2108447732794, 3586.470461361124]","[1220.2108447732794, 4039.552227638098]"
"[2033.7730399294683, 5658.874056916855]","[2033.7730399294683, 3287.208223159815]","[2033.7730399294683, 3466.987636190751]","[2033.7730399294683, 4405.487301638649]","[2033.7730399294683, 3204.751223523526]","[2033.7730399294683, 3129.8036681571425]","[2033.7730399294683, 3362.872694740865]","[2033.7730399294683, 5615.943331073503]","[2033.7730399294683, 4501.089386608599]","[2033.7730399294683, 5940.166299572501]"
"[628.5486827135037, 3141.2563884667143]","[628.5486827135037, 4469.695231183473]","[628.5486827135037, 4621.018655403455]","[628.5486827135037, 3513.223647964794]","[628.5486827135037, 4597.127654208856]","[628.5486827135037, 5339.876291731933]","[628.5486827135037, 3257.888986220316]","[628.5486827135037, 2834.7011972922564]","[628.5486827135037, 3231.207145537405]","[628.5486827135037, 4055.4116033209248]"
"[2752.070066274615, 4142.785977917189]","[2752.070066274615, 3802.370128232742]","[2752.070066274615, 4099.499692477326]","[2752.070066274615, 4206.725601616364]","[2752.070066274615, 4197.909198592788]","[2752.070066274615, 3857.9120671079763]","[2752.070066274615, 4107.830997265982]","[2752.070066274615, 4136.853551385603]","[2752.070066274615, 5281.5688857862015]","[2752.070066274615, 5221.06932383361]"
"[2248.18735210459, 3252.0820326545672]","[2248.18735210459, 4903.913470128805]","[2248.18735210459, 3680.4574100748023]","[2248.18735210459, 3529.90199050272]","[2248.18735210459, 4968.061171431202]","[2248.18735210459, 4535.012692616649]","[2248.18735210459, 3399.829855180833]","[2248.18735210459, 5905.709899315369]","[2248.18735210459, 5502.076155078354]","[2248.18735210459, 4790.535495705634]"
"[2258.319653216994, 3731.1565812716]","[2258.319653216994, 4404.241198039197]","[2258.319653216994, 3367.4711895566934]","[2258.319653216994, 4951.491668969441]","[2258.319653216994, 3429.9267872038886]","[2258.319653216994, 5119.265713621644]","[2258.319653216994, 4811.75268682226]","[2258.319653216994, 4782.92115733067]","[2258.319653216994, 5027.888094273734]"
"[1541.7724776064395, 2801.7369405101435]","[1541.7724776064395, 5103.469195788202]","[1541.7724776064395, 4069.568215285403]","[1541.7724776064395, 4225.684795010026]","[1541.7724776064395, 4142.893921016897]","[1541.7724776064395, 5113.065233297746]","[1541.7724776064395, 3795.4445237422697]","[1541.7724776064395, 3032.1094653590044]","[1541.7724776064395, 2776.8646163746016]","[1541.7724776064395, 5373.331369451729]"
"[2115.9350749851374, 4505.200013598529]","[2115.9350749851374, 4395.587543470864]","[2115.9350749851374, 3513.2463475884792]","[2115.9350749851374, 3204.284524093686]","[2115.9350749851374, 4686.575464211275]","[2115.9350749851374, 4485.333962855824]","[2115.9350749851374, 4725.435177301424]","[2115.9350749851374, 3594.8880263577985]","[2115.9350749851374, 4599.504709865959]"
"[2163.727032619505, 4723.041400833705]","[2163.727032619505, 4759.060632773998]","[2163.727032619505, 5000.133742195935]","[2163.727032619505, 3216.837228016896]","[2163.727032619505, 3175.5265686408043]","[2163.727032619505, 4422.970221903733]","[2163.727032619505, 3583.9912668160778]","[2163.727032619505, 4663.262402346172]"
"[1780.9403233196856, 5235.5171606168515]","[1780.9403233196856, 4284.49452901804]","[1780.9403233196856, 4486.781538170357]","[1780.9403233196856, 2922.1568563514475]","[1780.9403233196856, 5512.175761419659]","[1780.9403233196856, 5514.936243378273]","[1780.9403233196856, 2914.3260082047436]","[1780.9403233196856, 4018.631790530911]","[1780.9403233196856, 3140.231403201011]","[1780.9403233196856, 2819.2922657885515]"
"[2736.796735910734, 3960.2785143950887]","[2736.796735910734, 5151.11941729933]","[2736.796735910734, 5022.45505697852]","[2736.796735910734, 5239.521095352587]","[2736.796735910734, 4966.467370540779]","[2736.796735910734, 3947.6428582285744]","[2736.796735910734, 5188.15008743496]","[2736.796735910734, 3815.354573859964]","[2736.796735910734, 5214.6572243476685]"
"[2026.601544682059, 5559.694736812631]","[2026.601544682059, 4387.289179764517]","[2026.601544682059, 3457.8922189226705]","[2026.601544682059, 3074.6266817006845]","[2026.601544682059, 4750.954079424835]","[2026.601544682059, 3213.6304396591713]","[2026.601544682059, 3095.749514087378]","[2026.601544682059, 4598.283054718185]","[2026.601544682059, 5555.3304318070495]","[2026.601544682059, 5866.2325025313485]"
"[2387.975063964213, 3404.356295167793]","[2387.975063964213, 3821.9754499629435]","[2387.975063964213, 4756.89015255101]","[2387.975063964213, 3748.8890146287613]","[2387.975063964213, 3401.5654136190633]","[2387.975063964213, 3751.107925205887]","[2387.975063964213, 5033.089205356337]","[2387.975063964213, 3479.1593149964037]","[2387.975063964213, 3693.950545674074]"
"[2564.5280881362346, 3728.6748409617003]","[2564.5280881362346, 3930.0220844585865]","[2564.5280881362346, 4844.598973577685]","[2564.5280881362346, 3879.635759837099]","[2564.5280881362346, 4007.8013912179995]","[2564.5280881362346, 4054.7707731476157]","[2564.5280881362346, 3749.2076691680277]"
"[1035.547857332395, 3408.5283719765066]","[1035.547857332395, 4800.8505886271905]","[1035.547857332395, 3646.6115485171904]","[1035.547857332395, 4987.1654769871475]","[1035.547857332395, 4791.692644457345]","[1035.547857332395, 3764.407518389676]","[1035.547857332395, 3863.346567205307]","[1035.547857332395, 4952.728720540356]","[1035.547857332395, 4966.422430109265]","[1035.547857332395, 3664.3271692098588]"
"[881.8834658421572, 5064.0296536285005]","[881.8834658421572, 5968.445619736569]","[881.8834658421572, 3793.9551108731175]","[881.8834658421572, 4563.928914402127]","[881.8834658421572, 4460.371391114046]","[881.8834658421572, 4737.352447771929]","[881.8834658421572, 3294.617232611654]","[881.8834658421572, 4349.742321587565]","[881.8834658421572, 3314.4949310510856]","[881.8834658421572, 3175.8664377752348]"
"[1634.8685071831214, 4426.593944884871]","[1634.8685071831214, 2658.551723724251]","[1634.8685071831214, 4105.5232593086985]","[1634.8685071831214, 5243.958858067754]","[1634.8685071831214, 3077.2986624167934]","[1634.8685071831214, 3092.8258523988543]","[1634.8685071831214, 4481.785436538584]","[1634.8685071831214, 4423.815413127755]","[1634.8685071831214, 2788.790565328729]","[1634.8685071831214, 2833.7443777598346]"
"[2347.833791220687, 4833.211599700515]","[2347.833791220687, 3584.2811858918967]","[2347.833791220687, 3487.403034442372]","[2347.833791220687, 3656.5646264510065]","[2347.833791220687, 3552.946978584713]","[2347.833791220687, 4832.857389599496]","[2347.833791220687, 4980.557818070626]","[2347.833791220687, 3734.8885691168252]","[2347.833791220687, 3531.9639828767577]"
"[1981.8312411735435, 3395.440206087662]","[1981.8312411735435, 3142.8059198363144]","[1981.8312411735435, 3307.838070824505]","[1981.8312411735435, 4821.916356703639]","[1981.8312411735435, 4465.376341748221]","[1981.8312411735435, 4483.869661922755]","[1981.8312411735435, 3076.589355242453]","[1981.8312411735435, 4219.223401021696]","[1981.8312411735435, 4467.0126082516845]","[1981.8312411735435, 3322.5227578516015]"
"[2845.992846077882, 3898.1527552787716]","[2845.992846077882, 5001.259511440363]","[2845.992846077882, 4267.854363303048]","[2845.992846077882, 3845.996509980616]","[2845.992846077882, 4189.947547017393]","[2845.992846077882, 4134.114705239849]","[2845.992846077882, 5244.205717326446]"
"[2592.9374157960638, 5538.86096825877]","[2592.9374157960638, 4981.826763994862]","[2592.9374157960638, 3988.2395150918937]","[2592.9374157960638, 3955.1789759872745]","[2592.9374157960638, 4011.0763232117542]","[2592.9374157960638, 4039.7834284240917]","[2592.9374157960638, 3797.0822746396652]","[2592.9374157960638, 4960.51341127871]","[2592.9374157960638, 4070.59777747104]"
"[1062.1706268120336, 3497.746003557225]","[1062.1706268120336, 4591.271827574118]","[1062.1706268120336, 3549.14817744005]","[1062.1706268120336, 4911.262513484846]","[1062.1706268120336, 5672.01165928631]","[1062.1706268120336, 4841.1475151152035]","[1062.1706268120336, 4625.509891505535]","[1062.1706268120336, 3829.403842791665]","[1062.1706268120336, 4513.662877690123]","[1062.1706268120336, 5004.99246293696]"
"[914.5842381989411, 3412.6858666492]","[914.5842381989411, 3315.927545697341]","[914.5842381989411, 3687.3921412907894]","[914.5842381989411, 4485.415344728141]","[914.5842381989411, 3123.752883948876]","[914.5842381989411, 4671.8189403974875]","[914.5842381989411, 3799.5130210342504]","[914.5842381989411, 4515.204787165753]","[914.5842381989411, 3517.826055896062]","[914.5842381989411, 3302.574098364472]"
"[2244.6016124169178, 5723.001758683888]","[2244.6016124169178, 3535.5199002103227]","[2244.6016124169178, 4516.923757882496]","[2244.6016124169178, 4994.26394362648]","[2244.6016124169178, 3349.1223256294506]","[2244.6016124169178, 3626.0391535372364]","[2244.6016124169178, 3685.1863319910344]","[2244.6016124169178, 5020.740781951785]","[2244.6016124169178, 4741.973689190196]","[2244.6016124169178, 3704.765086252114]"
"[2835.795290971818, 5563.14395412474]","[2835.795290971818, 4008.6553774552435]","[2835.795290971818, 3968.674143842536]","[2835.795290971818, 5362.228969809959]","[2835.795290971818, 4220.653198682047]","[2835.795290971818, 5397.4477397915925]","[2835.795290971818, 4996.616379984633]","[2835.795290971818, 5238.151857925314]"
"[2380.0203795197667, 3402.072343775898]","[2380.0203795197667, 3575.1009930822174]","[2380.0203795197667, 3644.160134488391]","[2380.0203795197667, 5299.019436026135]","[2380.0203795197667, 5093.367101177699]","[2380.0203795197667, 3747.61388132697]","[2380.0203795197667, 3680.0553354608105]","[2380.0203795197667, 3656.0486467388237]","[2380.0203795197667, 3858.118482898063]","[2380.0203795197667, 3620.135925146722]"
"[174.3225839890107, 3565.0082940279367]","[174.3225839890107, 4193.178600649058]","[174.3225839890107, 5245.733680664006]","[174.3225839890107, 5254.613180419038]","[174.3225839890107, 5560.167056282364]","[174.3225839890107, 5443.430892843296]","[174.3225839890107, 2764.0695058129068]","[174.3225839890107, 5061.9582232589655]","[174.3225839890107, 4099.781514072293]","[174.3225839890107, 5197.1270533069455]"
"[1773.6717472554853, 3114.8612923584033]","[1773.6717472554853, 3242.8703175373366]","[1773.6717472554853, 5275.254443810892]","[1773.6717472554853, 4876.162951781243]","[1773.6717472554853, 3988.907491137794]","[1773.6717472554853, 3057.477763988113]","[1773.6717472554853, 3211.3393924596385]","[1773.6717472554853, 5198.277343420001]","[1773.6717472554853, 4267.117534043349]","[1773.6717472554853, 5481.187104325301]"
"[2725.5931696066673, 5258.422193646937]","[2725.5931696066673, 5215.925170519131]","[2725.5931696066673, 5169.67872916449]","[2725.5931696066673, 4192.223837051013]","[2725.5931696066673, 4150.2354210129]","[2725.5931696066673, 3738.0350571164636]","[2725.5931696066673, 3886.3322481144437]","[2725.5931696066673, 5304.6438416509645]"
"[1277.9688488659535, 3504.2300986010414]","[1277.9688488659535, 3938.804586227254]","[1277.9688488659535, 3846.8063134480794]","[1277.9688488659535, 4896.803623059583]","[1277.9688488659535, 5188.103728546893]","[1277.9688488659535, 4118.524157581034]","[1277.9688488659535, 5512.070915689073]","[1277.9688488659535, 3933.110346498317]","[1277.9688488659535, 3728.095047192908]","[1277.9688488659535, 2771.331057546701]"
"[2110.867843696618, 3220.80703329019]","[2110.867843696618, 3552.4706043361043]","[2110.867843696618, 4880.453978847242]","[2110.867843696618, 5612.907431230942]","[2110.867843696618, 4513.294087480492]","[2110.867843696618, 3290.599704406204]","[2110.867843696618, 4960.417075495712]","[2110.867843696618, 5725.192905234507]","[2110.867843696618, 3550.9925169865037]","[2110.867843696618, 3146.901736510003]"
"[1701.5716049298278, 5308.414218644856]","[1701.5716049298278, 3772.99748351242]","[1701.5716049298278, 4301.98480858919]","[1701.5716049298278, 4448.592678399748]","[1701.5716049298278, 2802.279484733276]","[1701.5716049298278, 3990.9603310573375]","[1701.5716049298278, 2809.74975486109]","[1701.5716049298278, 3025.613579631161]","[1701.5716049298278, 4558.394587732364]","[1701.5716049298278, 5119.203917089486]"
"[281.2365743102581, 4240.3635955933205]","[281.2365743102581, 3759.680702140026]","[281.2365743102581, 5099.514570677397]","[281.2365743102581, 5214.666934075753]","[281.2365743102581, 5246.598826759333]","[281.2365743102581, 2876.5625210526596]","[281.2365743102581, 4163.712882195035]","[281.2365743102581, 2999.5224153590966]","[281.2365743102581, 4593.099405444511]","[281.2365743102581, 5301.1321800366895]"
"[1142.3389890472974, 5290.184144902878]","[1142.3389890472974, 4737.530014712149]","[1142.3389890472974, 4515.646942877693]","[1142.3389890472974, 3181.7416909581925]","[1142.3389890472974, 3655.7796708975457]","[1142.3389890472974, 3829.106695647144]","[1142.3389890472974, 3483.1480855653117]","[1142.3389890472974, 3505.5564489151393]","[1142.3389890472974, 5103.216315215273]","[1142.3389890472974, 3310.5064186900927]"
"[1327.8083315492006, 5219.413119573883]","[1327.8083315492006, 3584.224699055965]","[1327.8083315492006, 3567.998682828109]","[1327.8083315492006, 5442.810464350359]","[1327.8083315492006, 3475.5527218090983]","[1327.8083315492006, 5321.000215529532]","[1327.8083315492006, 5245.757548008515]","[1327.8083315492006, 4012.786238601554]","[1327.8083315492006, 4741.875949078117]","[1327.8083315492006, 2572.9391994267944]"
"[1183.7326413364426, 3634.10218299356]","[1183.7326413364426, 4814.434848757444]","[1183.7326413364426, 2410.8426824090684]","[1183.7326413364426, 3897.8650086657753]","[1183.7326413364426, 2456.89347151108]","[1183.7326413364426, 5066.194994104544]","[1183.7326413364426, 4913.013766795225]","[1183.7326413364426, 3504.969173527925]","[1183.7326413364426, 2468.8697987354844]","[1183.7326413364426, 5019.186648002687]"
"[1711.2554841899953, 5280.673258587554]","[1711.2554841899953, 4069.4421959901315]","[1711.2554841899953, 4259.2578077500075]","[1711.2554841899953, 4367.006643958006]","[1711.2554841899953, 3050.4292788888088]","[1711.2554841899953, 3981.2875652547737]","[1711.2554841899953, 4196.535012096327]","[1711.2554841899953, 4431.041489467145]","[1711.2554841899953, 3048.5954652703585]","[1711.2554841899953, 4136.43099249402]"
"[1989.0054693594122, 4692.835475025241]","[1989.0054693594122, 4621.736590049968]","[1989.0054693594122, 3409.5699503316705]","[1989.0054693594122, 3051.196134267162]","[1989.0054693594122, 4314.104450819853]","[1989.0054693594122, 3225.8446822550163]","[1989.0054693594122, 3413.082978447248]","[1989.0054693594122, 3150.102697742256]","[1989.0054693594122, 5453.250207734333]","[1989.0054693594122, 4500.403460248515]"
"[1643.1958518023685, 4391.135642592842]","[1643.1958518023685, 4274.595296314476]","[1643.1958518023685, 2799.4290765534815]","[1643.1958518023685, 5549.372151712952]","[1643.1958518023685, 5570.210150409055]","[1643.1958518023685, 2896.245016803621]","[1643.1958518023685, 2829.954941832204]","[1643.1958518023685, 3942.2125770408293]","[1643.1958518023685, 4228.200018056174]","[1643.1958518023685, 4439.668520893834]"
"[2216.1042656560503, 4734.597836171227]","[2216.1042656560503, 3384.11193173154]","[2216.1042656560503, 4767.089408333665]","[2216.1042656560503, 4442.615106875948]","[2216.1042656560503, 3669.117576793742]","[2216.1042656560503, 5532.868180746565]","[2216.1042656560503, 3634.914904727033]","[2216.1042656560503, 3309.807202484344]","[2216.1042656560503, 4574.8568584596105]","[2216.1042656560503, 3406.695950896019]"
"[1735.8671469918702, 4169.081465609656]","[1735.8671469918702, 3842.726185126422]","[1735.8671469918702, 3194.3853179658317]","[1735.8671469918702, 5794.950406970396]","[1735.8671469918702, 4009.5710849772213]","[1735.8671469918702, 4128.767394573748]","[1735.8671469918702, 4673.713399337526]","[1735.8671469918702, 5236.743651607038]","[1735.8671469918702, 4495.92076903099]","[1735.8671469918702, 4217.627607043734]"
"[2235.5480034707784, 3604.8705533378134]","[2235.5480034707784, 4748.0958548067165]","[2235.5480034707784, 4299.50986352904]","[2235.5480034707784, 4588.387203765252]","[2235.5480034707784, 4730.319151364012]","[2235.5480034707784, 4683.489873658297]"
"[1353.9945329563795, 3434.1659511528546]","[1353.9945329563795, 3508.0337138432774]","[1353.9945329563795, 3833.6984939969147]","[1353.9945329563795, 4276.341419603217]","[1353.9945329563795, 5136.208023374411]","[1353.9945329563795, 4899.924166951709]","[1353.9945329563795, 2681.5319681796095]","[1353.9945329563795, 4214.6139963847545]","[1353.9945329563795, 3920.5628056285586]","[1353.9945329563795, 5095.524521105576]"
"[2500.753050340611, 5011.125307585136]","[2500.753050340611, 4893.929113055683]","[2500.753050340611, 4589.675955154921]","[2500.753050340611, 3845.855367922417]","[2500.753050340611, 3962.364959912122]","[2500.753050340611, 3627.3240517170907]","[2500.753050340611, 4881.778660766789]","[2500.753050340611, 3741.6114421633392]","[2500.753050340611, 3817.266785819651]","[2500.753050340611, 5071.695922969474]"
"[1202.2377503318548, 3745.806267187712]","[1202.2377503318548, 4908.491730262789]","[1202.2377503318548, 5365.325476041019]","[1202.2377503318548, 3258.3012390279396]","[1202.2377503318548, 5346.280057634196]","[1202.2377503318548, 4885.840727956613]","[1202.2377503318548, 3975.866237640102]","[1202.2377503318548, 4917.797966075663]","[1202.2377503318548, 3656.8071939295087]","[1202.2377503318548, 2399.79753300421]"
"[2930.074634450279, 5382.349905122963]","[2930.074634450279, 5292.322555121899]","[2930.074634450279, 5332.777925176841]","[2930.074634450279, 5131.559611022056]","[2930.074634450279, 5501.804940081786]","[2930.074634450279, 5343.88965766877]"
"[873.2340492737362, 2314.209778103571]","[873.2340492737362, 3641.5886417174697]","[873.2340492737362, 2314.1434212746285]","[873.2340492737362, 3045.9813816521414]","[873.2340492737362, 5516.9396059602295]","[873.2340492737362, 4402.124266659904]","[873.2340492737362, 3204.933135026173]","[873.2340492737362, 2982.9389169972715]","[873.2340492737362, 3526.7575922441706]","[873.2340492737362, 4542.697181828299]"
"[2884.4737909124105, 3940.744942734225]","[2884.4737909124105, 4171.605707320205]","[2884.4737909124105, 4005.7018795638674]","[2884.4737909124105, 5632.049476374943]","[2884.4737909124105, 4347.938218209319]","[2884.4737909124105, 5258.41125061143]","[2884.4737909124105, 5302.043887021989]","[2884.4737909124105, 4239.351687697324]"
"[2787.0382493519414, 3964.3273299506905]","[2787.0382493519414, 4018.3353050056007]","[2787.0382493519414, 4045.250286184879]","[2787.0382493519414, 5030.746670127394]","[2787.0382493519414, 4071.3341973244333]"
"[1652.1698458096973, 3786.048664938983]","[1652.1698458096973, 3030.043207271945]","[1652.1698458096973, 3991.9367407890736]","[1652.1698458096973, 5125.193760957645]","[1652.1698458096973, 5584.595830721675]","[1652.1698458096973, 5327.488779952238]","[1652.1698458096973, 3913.602648209163]","[1652.1698458096973, 4244.651257782164]","[1652.1698458096973, 2778.4759334982928]","[1652.1698458096973, 4378.48415552312]"
"[1819.945556572386, 5041.642386622446]","[1819.945556572386, 3067.79551655724]","[1819.945556572386, 4005.129355969054]","[1819.945556572386, 3042.676371480956]","[1819.945556572386, 3908.447290828439]","[1819.945556572386, 3235.9303702105226]","[1819.945556572386, 3187.130524899893]","[1819.945556572386, 4037.184134230025]","[1819.945556572386, 4069.6218427257572]","[1819.945556572386, 3028.7714894050564]"
"[2736.554841406292, 3744.5387657328006]","[2736.554841406292, 4038.847651603128]","[2736.554841406292, 5317.616196228642]","[2736.554841406292, 5367.549611112184]","[2736.554841406292, 4087.8400193409793]","[2736.554841406292, 4177.772677075334]","[2736.554841406292, 5365.920975286557]","[2736.554841406292, 3969.919200857031]","[2736.554841406292, 5052.431094384824]"
"[1797.30634201065, 3150.2619046845684]","[1797.30634201065, 3268.3431813464986]","[1797.30634201065, 4702.05459417846]","[1797.30634201065, 5569.668271305944]","[1797.30634201065, 4217.779552870378]","[1797.30634201065, 3012.3703664232444]","[1797.30634201065, 5673.714758647187]","[1797.30634201065, 3227.4957829640116]","[1797.30634201065, 4666.88060259909]","[1797.30634201065, 3083.6825717226184]"
"[2138.870340947007, 5026.095255654938]","[2138.870340947007, 3460.2696840457465]","[2138.870340947007, 4616.962015304884]","[2138.870340947007, 4653.757530980952]","[2138.870340947007, 4664.298814401495]","[2138.870340947007, 3630.5400571431182]","[2138.870340947007, 4906.766376474614]","[2138.870340947007, 4536.807103275505]","[2138.870340947007, 3260.0930624189077]","[2138.870340947007, 3431.865464572359]"
"[2286.2313325276327, 4909.266156226427]","[2286.2313325276327, 3399.7677572679786]","[2286.2313325276327, 3735.542098165021]","[2286.2313325276327, 3363.657331344628]","[2286.2313325276327, 4613.091021131455]","[2286.2313325276327, 3313.925439414604]","[2286.2313325276327, 3778.092761516606]","[2286.2313325276327, 5087.730172192659]"
"[2671.413887176679, 5209.753186935067]","[2671.413887176679, 3768.396282399084]","[2671.413887176679, 5381.139893338082]","[2671.413887176679, 4138.227797042784]","[2671.413887176679, 5232.92198791107]","[2671.413887176679, 3784.2151382014495]","[2671.413887176679, 4015.872097043196]","[2671.413887176679, 3745.765551759662]","[2671.413887176679, 5042.7315389379555]"
"[1078.6596148736826, 3633.1924006123077]","[1078.6596148736826, 3578.3877870864017]","[1078.6596148736826, 2400.7437400863464]","[1078.6596148736826, 5100.95982610672]","[1078.6596148736826, 2449.1940872236]","[1078.6596148736826, 3868.998627107136]","[1078.6596148736826, 4715.458068909717]","[1078.6596148736826, 4836.596002697987]","[1078.6596148736826, 3722.7469579756184]","[1078.6596148736826, 4332.510232997961]"
"[1975.3188782519685, 3435.145945374921]","[1975.3188782519685, 3135.231965256197]","[1975.3188782519685, 5485.157693337809]","[1975.3188782519685, 4638.546381484168]","[1975.3188782519685, 4573.794961085836]","[1975.3188782519685, 4182.068383706171]","[1975.3188782519685, 3344.897369281761]","[1975.3188782519685, 4402.171114022283]","[1975.3188782519685, 3359.498918834447]","[1975.3188782519685, 4723.093484031162]"
"[2972.9141046082173, 4005.7892070036405]","[2972.9141046082173, 5780.206400999459]","[2972.9141046082173, 4432.922710878458]","[2972.9141046082173, 5666.57403901514]","[2972.9141046082173, 4280.595793874823]","[2972.9141046082173, 4133.002051413972]","[2972.9141046082173, 5262.372326623019]"
"[1965.6463089682716, 4541.347825766018]","[1965.6463089682716, 2977.7032387593035]","[1965.6463089682716, 5411.23727107534]","[1965.6463089682716, 3010.381028155617]","[1965.6463089682716, 3211.6498671305876]","[1965.6463089682716, 4560.550050419728]","[1965.6463089682716, 4512.327108789602]","[1965.6463089682716, 4535.386103098136]","[1965.6463089682716, 4601.620128757488]","[1965.6463089682716, 4658.397459483166]"
"[300.5995334000786, 2954.349887559317]","[300.5995334000786, 4816.948893891655]","[300.5995334000786, 5167.9945086993175]","[300.5995334000786, 5494.248107918566]","[300.5995334000786, 3931.932606266536]","[300.5995334000786, 4278.776390394524]","[300.5995334000786, 5646.511385627533]","[300.5995334000786, 5009.183803257951]","[300.5995334000786, 4041.5155247985595]","[300.5995334000786, 4428.146663450363]"
"[2154.6021178435585, 4624.45352974689]","[2154.6021178435585, 3299.5017063023456]","[2154.6021178435585, 4656.4783573378845]","[2154.6021178435585, 3578.262966319022]","[2154.6021178435585, 3206.0543640296664]","[2154.6021178435585, 3454.387500031955]","[2154.6021178435585, 4922.687695631653]","[2154.6021178435585, 3626.412508876327]","[2154.6021178435585, 3607.555188851827]","[2154.6021178435585, 3343.7889670700383]"
"[2737.602950961404, 4083.9050893204226]","[2737.602950961404, 4234.257125263289]","[2737.602950961404, 5017.168686031006]","[2737.602950961404, 5269.397898446916]","[2737.602950961404, 3789.933749777011]","[2737.602950961404, 4209.027721036773]","[2737.602950961404, 4093.0125695218894]"
"[1936.0741067236204, 5837.608865552123]","[1936.0741067236204, 3175.321109648746]","[1936.0741067236204, 4538.361796736583]","[1936.0741067236204, 4330.230534869248]","[1936.0741067236204, 4486.448601064552]","[1936.0741067236204, 3106.9296607123824]","[1936.0741067236204, 4470.513769725374]","[1936.0741067236204, 3338.422238362784]","[1936.0741067236204, 5717.020973172111]","[1936.0741067236204, 4425.80608414383]"
"[2592.9655196774747, 5438.656793838021]","[2592.9655196774747, 3735.127682141452]","[2592.9655196774747, 5089.414383264745]","[2592.9655196774747, 3615.766189041539]","[2592.9655196774747, 3695.1193190236463]","[2592.9655196774747, 4062.872207092271]","[2592.9655196774747, 3781.6409750305584]","[2592.9655196774747, 5419.6552151658825]"
"[2755.2197034290984, 3805.536212161546]","[2755.2197034290984, 4131.492032545122]","[2755.2197034290984, 3770.016220532191]","[2755.2197034290984, 4250.899767341754]","[2755.2197034290984, 4117.386368230404]","[2755.2197034290984, 4112.264338092443]","[2755.2197034290984, 5581.167179683054]","[2755.2197034290984, 4108.781188510146]"
"[1010.2963230195584, 3263.0164623976443]","[1010.2963230195584, 5685.215159013772]","[1010.2963230195584, 5120.987300495138]","[1010.2963230195584, 4916.779474161016]","[1010.2963230195584, 4932.098572629457]","[1010.2963230195584, 2235.1467923857385]","[1010.2963230195584, 4602.7738778009825]","[1010.2963230195584, 4981.85358536951]","[1010.2963230195584, 5727.546832868211]","[1010.2963230195584, 2342.787583811429]"
"[918.6800240263976, 2361.5970593175507]","[918.6800240263976, 3387.212037691631]","[918.6800240263976, 3675.137994973065]","[918.6800240263976, 5660.829194385433]","[918.6800240263976, 3202.033442066854]","[918.6800240263976, 2296.058409679833]","[918.6800240263976, 4810.578658726114]","[918.6800240263976, 3744.6853665119265]","[918.6800240263976, 3678.057627133549]","[918.6800240263976, 3134.7632449046982]"
"[2769.0879551672497, 4130.448714283491]","[2769.0879551672497, 3874.4669672009923]","[2769.0879551672497, 5139.782104445505]","[2769.0879551672497, 4068.3162941584387]","[2769.0879551672497, 3819.8406484671304]","[2769.0879551672497, 5632.097020887634]","[2769.0879551672497, 4152.197147634598]"
"[1199.4262619374365, 2616.5585197896953]","[1199.4262619374365, 4054.137568967177]","[1199.4262619374365, 3503.066980781131]","[1199.4262619374365, 2247.2578587829803]","[1199.4262619374365, 3411.7309450052962]","[1199.4262619374365, 5118.843653781988]","[1199.4262619374365, 5049.888398606898]","[1199.4262619374365, 3738.5630794399904]","[1199.4262619374365, 3505.6912890578733]","[1199.4262619374365, 4917.084285167806]"
"[2197.0308224574287, 3281.9193941539456]","[2197.0308224574287, 3331.710596658825]","[2197.0308224574287, 3248.6980541248086]","[2197.0308224574287, 4761.424716803546]","[2197.0308224574287, 4787.3336314187145]","[2197.0308224574287, 4558.832266754108]","[2197.0308224574287, 4507.529386338878]","[2197.0308224574287, 3275.268796346401]","[2197.0308224574287, 3578.133901605711]"
"[2162.3137374280404, 4798.070096128462]","[2162.3137374280404, 4886.254613265623]","[2162.3137374280404, 3269.366092199307]","[2162.3137374280404, 4610.285809998362]","[2162.3137374280404, 3571.975388128896]","[2162.3137374280404, 4879.253632468139]","[2162.3137374280404, 5004.089865492858]","[2162.3137374280404, 4534.169017372931]","[2162.3137374280404, 3165.1752429109506]","[2162.3137374280404, 3226.360388165138]"
"[1182.0764405932514, 2445.1448678702463]","[1182.0764405932514, 4987.386371016135]","[1182.0764405932514, 5047.626027556478]","[1182.0764405932514, 2554.2928119949233]","[1182.0764405932514, 5756.302074809472]","[1182.0764405932514, 4977.0417940038005]","[1182.0764405932514, 4043.90189089335]","[1182.0764405932514, 3886.958576125404]","[1182.0764405932514, 2361.0891680363]","[1182.0764405932514, 5733.671595274711]"
"[2153.304692582915, 3328.257944935461]","[2153.304692582915, 5020.394783680113]","[2153.304692582915, 3630.4638972895345]","[2153.304692582915, 4870.1376690848965]","[2153.304692582915, 3267.020473991271]","[2153.304692582915, 3436.016186887308]","[2153.304692582915, 3578.61816207013]","[2153.304692582915, 3404.8346142880514]","[2153.304692582915, 4781.437269448663]","[2153.304692582915, 4749.422013976373]"
"[1302.276070426131, 2587.4519925960785]","[1302.276070426131, 4964.118532617501]","[1302.276070426131, 3566.2270400949546]","[1302.276070426131, 4649.467642737168]","[1302.276070426131, 4940.719874639879]","[1302.276070426131, 3829.4445916543955]","[1302.276070426131, 4835.239355065339]","[1302.276070426131, 4456.837444916428]","[1302.276070426131, 5246.658389944106]","[1302.276070426131, 4192.122294243859]"
"[1653.6805008038857, 5310.508133704318]","[1653.6805008038857, 4423.739124868932]","[1653.6805008038857, 3060.7913778798484]","[1653.6805008038857, 2988.973214713428]","[1653.6805008038857, 3921.403830900461]","[1653.6805008038857, 3134.347489247122]","[1653.6805008038857, 5067.313871653949]","[1653.6805008038857, 5477.14888752538]","[1653.6805008038857, 3079.947059939983]","[1653.6805008038857, 4275.139101494496]"
"[1064.3347646632897, 3198.4269462251636]","[1064.3347646632897, 3716.6234086696454]","[1064.3347646632897, 3323.7310691496677]","[1064.3347646632897, 4717.933325745094]","[1064.3347646632897, 4493.654433048603]","[1064.3347646632897, 2554.2317211084983]","[1064.3347646632897, 5030.587274645308]","[1064.3347646632897, 3464.1981140519765]","[1064.3347646632897, 5080.776190437279]","[1064.3347646632897, 2360.8983389007035]"
"[1185.5984607481885, 2684.8813100354773]","[1185.5984607481885, 2420.69620664858]","[1185.5984607481885, 3974.288270876559]","[1185.5984607481885, 4799.940354233371]","[1185.5984607481885, 3640.0478014194123]","[1185.5984607481885, 5218.282424814867]","[1185.5984607481885, 5832.804679105306]","[1185.5984607481885, 3738.405432447717]","[1185.5984607481885, 3879.163168662993]","[1185.5984607481885, 3638.057640106995]"
"[2295.6218995130243, 5839.092312473343]","[2295.6218995130243, 3512.4454523683453]","[2295.6218995130243, 3322.3416538243373]","[2295.6218995130243, 3369.6488070082496]","[2295.6218995130243, 5046.637152881299]","[2295.6218995130243, 4786.658569265436]","[2295.6218995130243, 3357.8771747734218]","[2295.6218995130243, 4721.4252027162565]","[2295.6218995130243, 4746.168286906435]","[2295.6218995130243, 3790.147822429627]"
"[1803.227184533684, 4348.74316224135]","[1803.227184533684, 3223.25232062503]","[1803.227184533684, 2956.559373866027]","[1803.227184533684, 3081.5245648084256]","[1803.227184533684, 5669.7865851981705]","[1803.227184533684, 3215.6710295289795]","[1803.227184533684, 5359.554455091472]","[1803.227184533684, 4138.605240913283]","[1803.227184533684, 2975.997690247843]","[1803.227184533684, 3123.0346287404727]"
"[739.6177097559721, 2214.54772435058]","[739.6177097559721, 5595.80924550866]","[739.6177097559721, 3369.08659004557]","[739.6177097559721, 3387.6758433190466]","[739.6177097559721, 4496.821749601822]","[739.6177097559721, 3617.4572554065985]","[739.6177097559721, 4891.347027363224]","[739.6177097559721, 5551.687996575715]","[739.6177097559721, 3225.1971379667575]","[739.6177097559721, 3272.687338836532]"
"[1487.6505300968224, 5119.349041147105]","[1487.6505300968224, 3815.194137568041]","[1487.6505300968224, 3911.7147500406572]","[1487.6505300968224, 2686.5102466536164]","[1487.6505300968224, 4939.68296695718]","[1487.6505300968224, 2711.131493343185]","[1487.6505300968224, 3661.481835993609]","[1487.6505300968224, 4910.6245937966405]","[1487.6505300968224, 4236.679646893204]","[1487.6505300968224, 2879.2004972825916]"
"[994.8916998202388, 3118.0281428370477]","[994.8916998202388, 4879.779124269845]","[994.8916998202388, 3584.1344283230496]","[994.8916998202388, 4964.9214701551355]","[994.8916998202388, 3086.6380350541895]","[994.8916998202388, 3464.724087558105]","[994.8916998202388, 2332.130490883138]","[994.8916998202388, 3600.2988597385925]","[994.8916998202388, 4752.77076746525]","[994.8916998202388, 4639.871798103872]"
"[484.02278144346525, 5326.971417410005]","[484.02278144346525, 2759.766693604017]","[484.02278144346525, 4131.788282699575]","[484.02278144346525, 2828.588256475573]","[484.02278144346525, 3141.9651154202493]","[484.02278144346525, 2977.8668104081316]","[484.02278144346525, 4311.116587191614]","[484.02278144346525, 5919.574243517254]","[484.02278144346525, 4312.682335611129]","[484.02278144346525, 2973.3635053809776]"
"[2910.905564374193, 3949.550114896023]","[2910.905564374193, 4040.3678001420017]","[2910.905564374193, 4024.8882128056757]","[2910.905564374193, 4118.335319508529]","[2910.905564374193, 4181.225027421977]","[2910.905564374193, 4093.2827750848437]","[2910.905564374193, 4200.11905303415]"
"[2596.390367416046, 5115.652685120713]","[2596.390367416046, 5515.143965194631]","[2596.390367416046, 4901.718710753992]","[2596.390367416046, 4077.068082681767]","[2596.390367416046, 5258.1010446116725]","[2596.390367416046, 5023.460338366004]","[2596.390367416046, 3626.1030306295506]","[2596.390367416046, 3602.5197963361616]","[2596.390367416046, 3932.1903853289236]"
"[2821.6016319748387, 4056.628694896067]","[2821.6016319748387, 3885.837331305756]","[2821.6016319748387, 3902.8806444233605]","[2821.6016319748387, 3896.3757761676866]","[2821.6016319748387, 3867.064387359151]","[2821.6016319748387, 4219.561538973265]","[2821.6016319748387, 3960.510762329742]","[2821.6016319748387, 4244.149257228425]"
"[2122.4335945559146, 3226.7944630410284]","[2122.4335945559146, 3132.016428134091]","[2122.4335945559146, 4734.998973019858]","[2122.4335945559146, 3487.817965967508]","[2122.4335945559146, 4911.012161041475]","[2122.4335945559146, 4565.08627080272]","[2122.4335945559146, 3490.56052693718]","[2122.4335945559146, 4831.596454325567]","[2122.4335945559146, 4566.917230839209]","[2122.4335945559146, 4575.500541851572]"
"[1397.7170277769037, 3748.2959516011742]","[1397.7170277769037, 2581.993721262538]","[1397.7170277769037, 4127.87327792042]","[1397.7170277769037, 5530.435485610829]","[1397.7170277769037, 3900.274047328493]","[1397.7170277769037, 5181.813729423654]","[1397.7170277769037, 5432.390569182687]","[1397.7170277769037, 4869.276954193974]","[1397.7170277769037, 5874.4413814068075]","[1397.7170277769037, 3679.509509508219]"
"[2245.3121150853735, 4494.224151958552]","[2245.3121150853735, 3417.276301949564]","[2245.3121150853735, 4762.020189894902]","[2245.3121150853735, 3482.3178768221806]","[2245.3121150853735, 3577.0080298220637]","[2245.3121150853735, 3535.053716673883]","[2245.3121150853735, 3487.6619040812484]","[2245.3121150853735, 5044.745094375829]","[2245.3121150853735, 3279.030608222717]","[2245.3121150853735, 3407.5998192270827]"
"[2780.849666920935, 4258.776470498361]","[2780.849666920935, 3899.899783935055]","[2780.849666920935, 5331.995625925188]","[2780.849666920935, 4059.532173096619]","[2780.849666920935, 5410.755944390567]","[2780.849666920935, 5130.08009215235]","[2780.849666920935, 4209.8516254481665]"
"[2285.074218005935, 3495.1842702480326]","[2285.074218005935, 4673.085338846349]","[2285.074218005935, 3419.332585864734]","[2285.074218005935, 3307.5612272840117]","[2285.074218005935, 4882.186675560664]","[2285.074218005935, 4942.595651143559]","[2285.074218005935, 3687.791278694035]","[2285.074218005935, 3685.1258136911138]","[2285.074218005935, 3753.8434661221722]","[2285.074218005935, 3618.730906928735]"
"[47.35707045837156, 4920.661714151982]","[47.35707045837156, 4049.7176771007976]","[47.35707045837156, 5160.150592984618]","[47.35707045837156, 4466.008746323669]","[47.35707045837156, 4460.445988684071]","[47.35707045837156, 5255.929545894693]","[47.35707045837156, 4720.343339769658]","[47.35707045837156, 5280.308680012274]","[47.35707045837156, 2584.8980649394007]","[47.35707045837156, 5923.539962493758]"
"[565.5698131382326, 4629.190615609889]","[565.5698131382326, 4427.695111906187]","[565.5698131382326, 2966.016249707607]","[565.5698131382326, 3276.8959539648486]","[565.5698131382326, 4348.6545015793145]","[565.5698131382326, 4698.2570758848715]","[565.5698131382326, 2875.1337676578114]","[565.5698131382326, 4211.43073372495]","[565.5698131382326, 4136.18305100088]","[565.5698131382326, 3302.2004423298686]"
"[311.01734314753253, 5194.196152679854]","[311.01734314753253, 3164.175045051751]","[311.01734314753253, 4924.40926905738]","[311.01734314753253, 2957.2601671007715]","[311.01734314753253, 3772.7423121429074]","[311.01734314753253, 4338.573292927645]","[311.01734314753253, 4087.9596650785134]","[311.01734314753253, 5190.595726643117]","[311.01734314753253, 5178.073866746354]","[311.01734314753253, 2848.9489513150256]"
"[2954.320095697031, 5244.296932158255]","[2954.320095697031, 4204.5457405885445]","[2954.320095697031, 4347.060287163986]","[2954.320095697031, 4401.457990954075]","[2954.320095697031, 4014.9845689595245]"
"[25.34315242070381, 4894.245344268406]","[25.34315242070381, 3704.4068120723655]","[25.34315242070381, 5180.994453791032]","[25.34315242070381, 3794.7716650946786]","[25.34315242070381, 5330.037623619252]","[25.34315242070381, 4476.186436790105]","[25.34315242070381, 3571.6478207576392]","[25.34315242070381, 2902.546816514039]","[25.34315242070381, 4585.114715675294]","[25.34315242070381, 3579.6780350343806]"
"[1893.231555544461, 4399.267431485417]","[1893.231555544461, 4174.770154238789]","[1893.231555544461, 5675.836172119813]","[1893.231555544461, 3099.9270513461124]","[1893.231555544461, 4021.1104735734943]","[1893.231555544461, 3096.3122874255]","[1893.231555544461, 3064.749656520192]","[1893.231555544461, 5448.900794696194]","[1893.231555544461, 2932.4954392856234]","[1893.231555544461, 5542.491052310703]"
"[517.1192542209417, 3213.286360392257]","[517.1192542209417, 4259.60163630307]","[517.1192542209417, 4304.621861957568]","[517.1192542209417, 4728.302418561629]","[517.1192542209417, 3030.8281964551297]","[517.1192542209417, 4348.489587975042]","[517.1192542209417, 2715.795094053946]","[517.1192542209417, 3234.992358364808]","[517.1192542209417, 2809.284158802062]","[517.1192542209417, 4544.476764863644]"
"[2861.659660962245, 4102.184406204644]","[2861.659660962245, 3987.11987754328]","[2861.659660962245, 4032.9352918299264]","[2861.659660962245, 4213.231860103947]","[2861.659660962245, 4335.74085141423]","[2861.659660962245, 3912.9510642159253]","[2861.659660962245, 4334.267504932106]"
"[2104.687055864066, 4620.822177471331]","[2104.687055864066, 5523.0175144884415]","[2104.687055864066, 3491.6181387640045]","[2104.687055864066, 4374.777179248499]","[2104.687055864066, 4671.7423118999195]","[2104.687055864066, 4956.5081594727935]","[2104.687055864066, 4653.163283214392]","[2104.687055864066, 4580.11110431062]","[2104.687055864066, 4824.113663495709]","[2104.687055864066, 4216.135880384101]"
"[2581.753139659302, 5447.463827837457]","[2581.753139659302, 5015.292501629792]","[2581.753139659302, 4802.645113300968]","[2581.753139659302, 3902.0838330013526]","[2581.753139659302, 3817.4691100108334]","[2581.753139659302, 4069.362939035588]","[2581.753139659302, 5323.831699075698]","[2581.753139659302, 5157.452066577397]"
"[1959.3921401343994, 3230.8906550813717]","[1959.3921401343994, 4569.0617984745495]","[1959.3921401343994, 4721.085542937644]","[1959.3921401343994, 4211.788509370114]","[1959.3921401343994, 3185.402519363709]","[1959.3921401343994, 4832.705109628651]","[1959.3921401343994, 5740.997126960439]","[1959.3921401343994, 3313.857979217829]","[1959.3921401343994, 3305.7564558684344]","[1959.3921401343994, 5762.017794869743]"
"[1959.6766647024424, 4512.273300293587]","[1959.6766647024424, 3141.405710680869]","[1959.6766647024424, 4125.728561974748]","[1959.6766647024424, 5710.048053388495]","[1959.6766647024424, 2991.9053858384295]","[1959.6766647024424, 4536.268017380304]","[1959.6766647024424, 4486.444874988603]","[1959.6766647024424, 4370.0562495927625]","[1959.6766647024424, 3100.5782172231557]","[1959.6766647024424, 4162.824901877926]"
"[1785.4078045982315, 4438.587749362287]","[1785.4078045982315, 5516.930606612994]","[1785.4078045982315, 5496.614657150196]","[1785.4078045982315, 2898.4077238226564]","[1785.4078045982315, 4659.094607776454]","[1785.4078045982315, 3046.7415688534365]","[1785.4078045982315, 4631.672507104533]","[1785.4078045982315, 3262.5073193261337]","[1785.4078045982315, 3169.4394506336894]","[1785.4078045982315, 2952.594676406098]"
"[2555.277415099026, 3585.2706677306023]","[2555.277415099026, 4951.923866880842]","[2555.277415099026, 3829.311907360979]","[2555.277415099026, 4045.2031117478286]","[2555.277415099026, 4049.306603013584]","[2555.277415099026, 3855.725190908834]","[2555.277415099026, 3924.330546477804]","[2555.277415099026, 3991.5954074784836]"
"[2843.009591354995, 5094.399285176083]","[2843.009591354995, 3898.8442083190757]","[2843.009591354995, 5498.488996108612]","[2843.009591354995, 5265.739516136513]","[2843.009591354995, 3865.365178975103]","[2843.009591354995, 4075.458432489183]","[2843.009591354995, 5779.2611322322755]","[2843.009591354995, 5180.061429972725]","[2843.009591354995, 5386.63291027292]"
"[426.8553576955641, 2964.254297901113]","[426.8553576955641, 5103.416649347126]","[426.8553576955641, 4460.510025817182]","[426.8553576955641, 5316.839278733127]","[426.8553576955641, 5266.104814583515]","[426.8553576955641, 4111.284684134639]","[426.8553576955641, 4457.656053377106]","[426.8553576955641, 4221.660234175744]","[426.8553576955641, 3205.863851191357]","[426.8553576955641, 3192.2787679112002]"
"[1949.7862035492897, 3044.6777256312866]","[1949.7862035492897, 5195.355701144011]","[1949.7862035492897, 5599.502516941046]","[1949.7862035492897, 5447.31899728302]","[1949.7862035492897, 3194.399139106379]","[1949.7862035492897, 2950.8106662979108]","[1949.7862035492897, 4816.148481699829]","[1949.7862035492897, 5395.559198186758]","[1949.7862035492897, 3020.586040049662]","[1949.7862035492897, 3431.868509124235]"
"[2685.843710114149, 5257.950044046009]","[2685.843710114149, 4091.2752050884033]","[2685.843710114149, 3739.727929324652]","[2685.843710114149, 4114.862390594714]","[2685.843710114149, 3934.0851904765686]"
"[1446.2233057936055, 2781.1488336109037]","[1446.2233057936055, 4964.989714210123]","[1446.2233057936055, 3968.8018689219266]","[1446.2233057936055, 3921.7312124512246]","[1446.2233057936055, 3779.098789082401]","[1446.2233057936055, 5022.390742614085]","[1446.2233057936055, 2706.2142125043906]","[1446.2233057936055, 3826.1546572017724]","[1446.2233057936055, 3930.817085350281]","[1446.2233057936055, 3784.2938176637417]"
"[2308.5405278068192, 3614.518288488088]","[2308.5405278068192, 3359.769080783118]","[2308.5405278068192, 4973.6902267763]","[2308.5405278068192, 3598.8046347811296]","[2308.5405278068192, 3660.207407573329]","[2308.5405278068192, 5820.381214903136]","[2308.5405278068192, 3768.713719451159]","[2308.5405278068192, 4617.414278583692]","[2308.5405278068192, 5167.934771363931]"
"[2701.994405869849, 5372.536161419841]","[2701.994405869849, 3983.383272894727]","[2701.994405869849, 3938.6196998938467]","[2701.994405869849, 5117.460699377326]","[2701.994405869849, 3862.7900155570055]","[2701.994405869849, 5332.359674384612]","[2701.994405869849, 4057.694964940547]"
"[2685.6290384387626, 3736.789137757748]","[2685.6290384387626, 3993.5654045359947]","[2685.6290384387626, 5226.349285654633]","[2685.6290384387626, 5397.19363568226]","[2685.6290384387626, 4033.9162063055182]","[2685.6290384387626, 4916.908985405566]","[2685.6290384387626, 3734.885198827108]"
"[1267.3960981777066, 4818.867969172326]","[1267.3960981777066, 4921.5146161062585]","[1267.3960981777066, 2541.23146212153]","[1267.3960981777066, 3337.3879696262475]","[1267.3960981777066, 3620.560114472965]","[1267.3960981777066, 2621.108630550867]","[1267.3960981777066, 5315.152324569883]","[1267.3960981777066, 4939.737158888975]","[1267.3960981777066, 5020.738834357422]","[1267.3960981777066, 5423.4360928622755]"
"[2880.3863058495417, 4368.006160464086]","[2880.3863058495417, 5047.816404802321]","[2880.3863058495417, 4155.771768508244]","[2880.3863058495417, 4376.680350502411]","[2880.3863058495417, 4319.957328684361]","[2880.3863058495417, 4042.4997248413656]"
"[2940.2112717159666, 5419.182699274132]","[2940.2112717159666, 4273.849112347292]","[2940.2112717159666, 5817.417930427419]","[2940.2112717159666, 4033.895725543657]","[2940.2112717159666, 5587.080969367977]","[2940.2112717159666, 4277.335448143249]","[2940.2112717159666, 3991.4350399687146]","[2940.2112717159666, 5167.632071250269]"
"[1635.1096526640315, 2707.543048902122]","[1635.1096526640315, 2804.112629298553]","[1635.1096526640315, 5426.281891138731]","[1635.1096526640315, 5492.861928446167]","[1635.1096526640315, 4082.443527337196]","[1635.1096526640315, 4082.9134229494693]","[1635.1096526640315, 5737.775115927072]","[1635.1096526640315, 5025.8190446046965]","[1635.1096526640315, 4495.413308932148]","[1635.1096526640315, 2721.7142726660777]"
"[1048.2083129598034, 2461.7569231114203]","[1048.2083129598034, 5188.443152468064]","[1048.2083129598034, 4630.063375128291]","[1048.2083129598034, 4938.650636780509]","[1048.2083129598034, 3683.9941915943564]","[1048.2083129598034, 5017.781103700117]","[1048.2083129598034, 4659.952533961099]","[1048.2083129598034, 3600.9348072871294]","[1048.2083129598034, 2544.7772244669013]","[1048.2083129598034, 4774.3627618741575]"
"[499.3408290064197, 4363.0228472236895]","[499.3408290064197, 3885.7420399565704]","[499.3408290064197, 4597.902948456939]","[499.3408290064197, 4383.925451102697]","[499.3408290064197, 4801.128102486884]","[499.3408290064197, 3061.098043760946]","[499.3408290064197, 4300.169719114758]","[499.3408290064197, 3337.079574677671]","[499.3408290064197, 4422.069317942224]","[499.3408290064197, 3307.189714896665]"
"[838.8341371688463, 3468.887532241943]","[838.8341371688463, 3549.46709291882]","[838.8341371688463, 3151.1902453486646]","[838.8341371688463, 3037.8792554731435]","[838.8341371688463, 4246.2439471673415]","[838.8341371688463, 3441.657330579045]","[838.8341371688463, 2967.8873064017516]","[838.8341371688463, 5030.449708775886]","[838.8341371688463, 2992.2756914649353]","[838.8341371688463, 4489.373787498967]"
"[1406.9510132417263, 5356.447586726272]","[1406.9510132417263, 3694.5065265669487]","[1406.9510132417263, 3871.8771448878583]","[1406.9510132417263, 5549.959313142321]","[1406.9510132417263, 3852.6962111836347]","[1406.9510132417263, 4338.633192414853]","[1406.9510132417263, 5243.4812610911395]","[1406.9510132417263, 3752.7688910820475]","[1406.9510132417263, 2767.8147075884226]","[1406.9510132417263, 2772.6693770653724]"
"[2574.6851711820163, 3708.198001449632]","[2574.6851711820163, 3963.8054229200316]","[2574.6851711820163, 4046.690847642365]","[2574.6851711820163, 3718.903783191086]","[2574.6851711820163, 3772.242743653054]","[2574.6851711820163, 5063.348135295164]","[2574.6851711820163, 3904.200432306685]","[2574.6851711820163, 3757.0815481121153]","[2574.6851711820163, 3643.990382028598]"
